Timestamp,Username,VideoID,Comment,Date
2025-10-28T08:06:34Z,@lattehour,Uo1a7BjjXhM,man embarked me  on a great journey,2025-10-28T08:06:34Z
2025-10-26T08:01:23Z,@sumanpranata,Uo1a7BjjXhM,AE501_GSAP,2025-10-26T08:01:23Z
2025-10-08T03:01:56Z,@Bone_7_,Uo1a7BjjXhM,AE501_TB Looking forward to a great quarter!,2025-10-08T03:01:56Z
2025-10-08T01:40:54Z,@K_N_06,Uo1a7BjjXhM,AE501_KN,2025-10-08T01:40:54Z
2025-10-07T02:54:47Z,@yaredshella,Uo1a7BjjXhM,"AE501_YS, Thanks !",2025-10-07T02:54:47Z
2025-10-06T04:54:01Z,@geflri,Uo1a7BjjXhM,AE501_GF Great roadmap!,2025-10-06T04:54:01Z
2025-10-06T04:10:09Z,@queenstirl1ng,Uo1a7BjjXhM,Thanks! AE501_BH,2025-10-06T04:10:09Z
2025-10-04T20:25:15Z,@ravidesai9108,Uo1a7BjjXhM,AE501_RD Thanks for a great start!,2025-10-04T20:25:15Z
2025-10-04T20:06:59Z,@mikes2795,Uo1a7BjjXhM,AE501_MD,2025-10-04T20:06:59Z
2025-10-03T02:24:59Z,@kunyangli,Uo1a7BjjXhM,AE501_KL completed,2025-10-03T02:24:59Z
2025-10-03T01:29:58Z,@guillermoroque3408,Uo1a7BjjXhM,AE501_GR Complete,2025-10-03T01:29:58Z
2025-10-02T23:39:55Z,@oralynnreeve4157,Uo1a7BjjXhM,Happy to be here!  AE501_OS,2025-10-02T23:39:55Z
2025-10-02T16:52:31Z,@milaesper6956,Uo1a7BjjXhM,AE501_ME Done,2025-10-02T16:52:31Z
2025-10-02T03:40:32Z,@bbyrnes2320,Uo1a7BjjXhM,AE501_BB Finished the video! Thank you!,2025-10-02T03:40:32Z
2025-10-02T02:56:23Z,@LinneaFinkle,Uo1a7BjjXhM,AE501_LF Done!,2025-10-02T02:56:23Z
2025-10-01T01:34:58Z,@AngelinaMartinez-j2q,Uo1a7BjjXhM,"Thanks, AE501_AM",2025-10-01T01:34:58Z
2025-10-01T01:13:32Z,@MichaelS-J117,Uo1a7BjjXhM,AE501_MS-J Looking forward to this semester :),2025-10-01T01:13:32Z
2025-10-01T00:13:53Z,@AlexKyleBlakley,Uo1a7BjjXhM,AE501_AB Great video. Looking forward to the class and to refreshing my engineering math skills!,2025-10-01T00:13:53Z
2025-09-30T15:58:24Z,@KarinaAragon-Madrigal,Uo1a7BjjXhM,Looking forward to the quarter! Good to know that their is a refresher for the content from my early undergrad! AE501_KA,2025-09-30T16:54:28Z
2025-09-30T14:59:31Z,@Super_K_Plus,Uo1a7BjjXhM,AE501_WWüéâ,2025-09-30T14:59:31Z
2025-09-30T05:31:25Z,@BenjaminTai-Brownlee,Uo1a7BjjXhM,AE501_BT Done!,2025-09-30T05:31:25Z
2025-09-30T05:21:25Z,@Esper-x4h,Uo1a7BjjXhM,AE501_BH,2025-09-30T05:21:25Z
2025-09-30T03:39:58Z,@yuguanpan6666,Uo1a7BjjXhM,AE501_YP nice video made,2025-09-30T03:39:58Z
2025-09-30T03:05:41Z,@Rodolfosmarins1,Uo1a7BjjXhM,AE501_RM,2025-09-30T03:05:41Z
2025-09-30T02:19:23Z,@AaronWu-z3w,Uo1a7BjjXhM,AE501_AW Looking forward to the class!,2025-09-30T02:19:23Z
2025-09-30T02:14:52Z,@HenryMuller-l3w,Uo1a7BjjXhM,AE501_HM,2025-09-30T02:14:52Z
2025-09-30T02:11:02Z,@bronmccall5836,Uo1a7BjjXhM,Thanks for the first video! AE501_BM,2025-09-30T02:11:02Z
2025-09-30T02:10:40Z,@mazoz,Uo1a7BjjXhM,[AE501_UM] Done,2025-09-30T02:10:40Z
2025-09-30T02:00:35Z,@nightwatch8662,Uo1a7BjjXhM,AE501_WM: Completed,2025-09-30T02:20:01Z
2025-09-30T01:46:06Z,@ThilankaRanatunga,Uo1a7BjjXhM,first,2025-09-30T01:46:06Z
2025-09-30T02:37:43Z,@ChristopherLum,Uo1a7BjjXhM,"Haha, quick on the draw :)",2025-09-30T02:37:43Z
2025-10-30T01:57:09Z,@PatrickTang-s2q,pXvAh1IOO4U,AE501_PT: I forgot to comment on this when I during week 3 but this was super helpful for the week 3 homework when I was setting up the blocks in simulink for the traditional ODE and then comparing it to the one block for setting up the state space,2025-10-30T01:57:09Z
2025-10-28T01:00:09Z,@jaydee3531,pXvAh1IOO4U,"AE501_JD Its very interesting how much simpler the state space model is compared to the traditional methods. There's a little more work upfront to get it into state space for for A B C and D, but after that the system is essentially solved.",2025-10-28T01:00:09Z
2025-10-23T06:39:33Z,@mazoz,pXvAh1IOO4U,[AE501_UM] This lecture was indeed interesting. Thank you for using real life examples!,2025-10-23T06:39:33Z
2025-10-22T22:32:38Z,@LilanieAlfredaAbdur-Rahman,pXvAh1IOO4U,Ae501üëå,2025-10-22T22:32:38Z
2025-10-22T17:37:34Z,@sumanpranata,pXvAh1IOO4U,AE501_GSAP cool stuff. Too bad wont be using this for work,2025-10-22T17:37:34Z
2025-10-21T22:08:25Z,@giannabibbey757,pXvAh1IOO4U,"AE501_GB Well this hurt my brain a little bit xD I definitely haven't covered this topic in a while, so thank you for the in-depth break down!",2025-10-21T22:08:38Z
2025-10-22T02:58:19Z,@ChristopherLum,pXvAh1IOO4U,"You're welcome, glad it was helpful!",2025-10-22T02:58:19Z
2025-10-21T02:12:25Z,@MingruiLiu-g7o,pXvAh1IOO4U,AE501_ML I've always had trouble with State space but this video definitely helped me understand it better,2025-10-21T02:12:25Z
2025-10-20T02:54:50Z,@Bone_7_,pXvAh1IOO4U,AE501_TB Another great video!,2025-10-20T02:54:50Z
2025-10-19T22:52:54Z,@nightwatch8662,pXvAh1IOO4U,AE501_WM: Great video!,2025-10-19T22:52:54Z
2025-10-19T21:14:30Z,@brendondao6577,pXvAh1IOO4U,AE501_BD Great vid!,2025-10-19T21:15:43Z
2025-10-18T02:14:59Z,@ericbrzeski4069,pXvAh1IOO4U,AE501_EB,2025-10-18T02:14:59Z
2025-10-16T21:19:54Z,@HenryMuller-l3w,pXvAh1IOO4U,AE501_HM - Done,2025-10-16T21:19:54Z
2025-10-16T17:34:23Z,@Esper-x4h,pXvAh1IOO4U,AE501_BH,2025-10-16T17:34:23Z
2025-09-06T18:40:45Z,@Erin-vf2ei,pXvAh1IOO4U,"The last section really helped me understand state-space, thank you",2025-09-06T18:40:45Z
2025-08-23T17:32:43Z,@boredatworkbro,pXvAh1IOO4U,"I just started my Master's degree and the first assignment is a refresher on a control dynamic systems course I took in my undergrad, and wow, I am so happy to have found this video. What a great video. I don't even want to call it tutorial as it is more of an actual class, that I was able to do for free... I have always found Simulink enjoyable and I am glad to understand it even more now!",2025-08-23T17:32:43Z
2025-08-24T20:10:05Z,@ChristopherLum,pXvAh1IOO4U,I'm glad it was helpful.  I have a playlist of controls and dynamic systems videos that are aimed at grad students at https://www.youtube.com/playlist?list=PLxdnSsBqCrrF9KOQRB9ByfB0EUMwnLO9o.  Feel free to check it out and let me know what you think.  Thanks for watching!,2025-08-24T20:10:05Z
2025-05-14T05:56:27Z,@nizamuddinkhalid2956,pXvAh1IOO4U,Perfect explanation,2025-05-14T05:56:27Z
2025-02-13T21:43:38Z,@victorveloso226,pXvAh1IOO4U,"This is just great, what a class, it taught way better than a lot of books, thank you! I watched it all at once nonstop, way better than a lot of netflix movies and series.",2025-02-13T23:23:20Z
2024-12-09T20:58:09Z,@KennethWright-k2h,pXvAh1IOO4U,"AE501: Having never taken a controls class or been exposed to state space, this introduction helped immensely.",2024-12-09T20:58:09Z
2024-11-07T00:45:41Z,@B_Foland767,pXvAh1IOO4U,AE 501: Bryce Foland,2024-11-07T00:45:41Z
2024-11-02T02:43:08Z,@CodySmith,pXvAh1IOO4U,"AE501, Cody Smith.",2024-11-02T02:43:08Z
2024-10-26T21:11:19Z,@JuliaWestfall-l6n,pXvAh1IOO4U,"AE501: Nice video. You made this super straightforward. The state space block in Simulink was also SUPER useful to just doing the whole system by hand. Thanks, again.",2024-10-26T21:11:19Z
2024-10-27T00:03:39Z,@ChristopherLum,pXvAh1IOO4U,"That state space block is a pretty handy little thing, right?",2024-10-27T00:03:39Z
2024-10-26T19:10:55Z,@ethanngo3203,pXvAh1IOO4U,"AE501: I'm guilty of blindly using state space models numerous times without fully understanding the ""behind the scenes"". This helped a ton!",2024-10-26T19:10:55Z
2024-10-26T19:12:32Z,@ChristopherLum,pXvAh1IOO4U,I'm glad it helped clarify the inner workings of state space!,2024-10-26T19:12:32Z
2024-10-26T01:20:50Z,@malachimorris1649,pXvAh1IOO4U,AE501- Malachi Morris,2024-10-26T01:20:50Z
2024-10-26T00:21:16Z,@jacobgivens2000,pXvAh1IOO4U,"AE 501, This was definitely a little harder to understand, but the video helped.",2024-10-26T00:21:16Z
2024-10-25T10:34:43Z,@LilanieAlfredaAbdur-Rahman,pXvAh1IOO4U,"AE501: Same comment as MRShelton. I was completely lost the first half. It only fell together with the detailed example. It seems that we only did the linear type so I would like to see an example of the non-linear form as well. Also, an example with all the inputs and outputs, IC, BC defined would be great.",2024-10-25T10:34:43Z
2024-10-25T13:09:15Z,@ChristopherLum,pXvAh1IOO4U,Nonlinear versions of this will come in AE512 when we build flight simulator models.,2024-10-25T13:09:15Z
2024-10-25T03:19:17Z,@BennettBoyd-h1f,pXvAh1IOO4U,AE501: Great explanation of state space representation,2024-10-25T03:19:17Z
2024-10-24T07:54:08Z,@TriMartz-f4x,pXvAh1IOO4U,[AE501] The ODE subsystem you showed at the end is very clean. Did you use something like auto format?,2024-10-24T07:54:08Z
2024-10-24T15:16:10Z,@ChristopherLum,pXvAh1IOO4U,"No, I just try to be clean with the wiring.  There are some other tools you can use but they are difficult to get started with.",2024-10-24T15:16:10Z
2024-10-24T05:54:13Z,@CharlotteGill-v2w,pXvAh1IOO4U,"AE501: This video was a good review of state space, the examples were interesting!",2024-10-24T05:54:13Z
2024-10-24T21:09:35Z,@ChristopherLum,pXvAh1IOO4U,Glad you found the examples helpful!,2024-10-24T21:09:35Z
2024-10-24T05:10:46Z,@JustinYoung-j9f,pXvAh1IOO4U,"AE 501: This video was so very helpful in understanding the process of State Space operations. The beginning of the video was a little overwhelming at first, but after watching the whole video it was starting to click.",2024-10-24T05:10:46Z
2024-10-24T15:16:30Z,@ChristopherLum,pXvAh1IOO4U,"Glad it all made sense in the end, State Space is a powerful tool once you get the hang of it!",2024-10-24T15:16:30Z
2024-10-23T07:29:52Z,@Tamanaaaa1,pXvAh1IOO4U,AE 501 - very clear explanation thank you.,2024-10-23T07:29:52Z
2024-10-23T00:55:52Z,@GiovanniRiggi-j2q,pXvAh1IOO4U,AE 501 - (Johnny Riggi) This helped me so much more than an entire controls course in my undergrad. The breakdown of the system's ODEs into state space is a very powerful tool.,2024-10-23T00:56:05Z
2024-10-23T00:28:26Z,@AurashFilsoof,pXvAh1IOO4U,Another great video thank you professor!,2024-10-23T00:28:26Z
2024-10-22T03:02:21Z,@keyshawnb4845,pXvAh1IOO4U,AE501: This was so easy to follow and I will hopefully use this in future classes when determining the state of a system :),2024-10-22T03:02:21Z
2024-10-21T22:41:14Z,@ardacetken9090,pXvAh1IOO4U,AE501: Arda Cetken - Good refresher from my undergrad days!,2024-10-21T22:41:14Z
2024-10-21T02:51:48Z,@ahmedashmaig,pXvAh1IOO4U,AE501: This was my first time learning about state space representation. Thank you for such a clear introduction!,2024-10-21T02:51:48Z
2024-10-21T03:36:48Z,@ChristopherLum,pXvAh1IOO4U,"Glad it was helpful, state space is a powerful tool in linear systems!",2024-10-21T03:36:48Z
2024-10-21T01:33:27Z,@MagdaleneRachelleShelton,pXvAh1IOO4U,"AE501: I was feeling overwhelmed by the wizardry of you choosing your vectors in the first half of this video, but you broke it down so easily into steps I felt very confident by the end that I do actually understand how to use and apply this myself!! I went from ""I hate state space"" to ""I love it and Simulink!""- Maggie Shelton",2024-10-21T01:33:27Z
2024-10-21T03:36:35Z,@ChristopherLum,pXvAh1IOO4U,I'm glad you were able to get a better understanding of state space representation and Simulink is definitely a fun tool to play with!,2024-10-21T03:36:35Z
2024-10-19T20:28:28Z,@HJ15419,pXvAh1IOO4U,AE501: I like using matrices to represent complex systems. It's a great way to visually represent them,2024-10-19T20:28:28Z
2024-10-18T20:07:44Z,@ddhakhwa,pXvAh1IOO4U,"AE501: It has been a bit since I have touched on this, but I remember this topic being a little confusing at the time. This video cleared a lot of that confusion and makes it pretty easy to follow.",2024-10-18T20:07:44Z
2024-10-18T21:23:07Z,@ChristopherLum,pXvAh1IOO4U,Glad I could help clear up some of that confusion!,2024-10-18T21:23:07Z
2024-10-18T14:59:03Z,@fionaryan3708,pXvAh1IOO4U,"AE501: I've never learned about State Space Representation, but this was a very good introduction and I think I gained a great understanding of the topic.",2024-10-18T14:59:03Z
2024-10-18T18:02:51Z,@ChristopherLum,pXvAh1IOO4U,"Glad it was helpful, State Space is a very powerful tool and you'll find it extremely useful!",2024-10-18T18:02:51Z
2023-12-05T01:33:06Z,@connorbaldwin5845,pXvAh1IOO4U,A E 501 This helped clear up a lot of confusion that I was carrying from my undergrad. Thank you for explaining this concept in a great way. This was very helpful for the class homework,2023-12-05T01:33:06Z
2023-11-29T02:05:18Z,@PathwaytoEngineeringDegree,pXvAh1IOO4U,AE501: state space is very helpful specially in the world of controls engineering!,2023-11-29T02:05:18Z
2023-10-23T04:11:10Z,@KevinCastaneda21,pXvAh1IOO4U,"AE501: I really enjoy you defining procedures and highlighting each step, simulink is very new to me but so far I see the power and how you can solve a problem with different blocks. Definitely legos for adults!",2023-10-23T04:11:10Z
2023-10-23T01:19:37Z,@kimnguyen0408,pXvAh1IOO4U,AE 501 Thank you Professor Lum!,2023-10-23T01:19:37Z
2023-10-22T14:01:04Z,@AlejandroMartinez-nv9ri,pXvAh1IOO4U,"AE501: I think this is the first time I'm exposed to the state space representation. I was a little bit confused at the start, but it started to click at the end. Looks like it's really useful for higher order ODE's. Thanks professor.",2023-10-22T14:01:04Z
2023-10-22T07:07:27Z,@elijahleonen198,pXvAh1IOO4U,AE501: All the defined variables at the start along with their matrix dimensions was very helpful following along with the examples throughout the video. Great video!,2023-10-22T07:07:27Z
2023-10-22T05:08:27Z,@BenLandes,pXvAh1IOO4U,AE501: Very well explained! Any extra tips for choosing how many states you want in your space matrix when your states are just derivatives of the same function? I assume it's partly dependent on how accurate want in your model to be and if there are any forces dependent on those states?,2023-10-22T05:08:27Z
2023-10-22T16:04:50Z,@ChristopherLum,pXvAh1IOO4U,"If you have an nth order ODE in traditional form, you'll actually need exactly n states in your state space representation.  I think what you are getting at is more of a modeling question of asking how what order system do you want to try and model with the ODE (for example do you only have rigid body modes on your aircraft or do you introduce states to keep track of things like fuel slosh, wing bending, etc.).  We'll dig into this in AE512.",2023-10-22T16:04:50Z
2023-10-21T21:56:54Z,@BrianaStaheli-gf7jg,pXvAh1IOO4U,"AE501: wow, I always had trouble understanding the state space representation but seeing it through your examples and the comparison in simulink helped my understanding and really shows how powerful it is. Really great video. Thanks",2023-10-21T21:56:54Z
2023-10-21T17:54:12Z,@iremerkan0217,pXvAh1IOO4U,AE501: This video is very helpful understanding the state state representation for higher degree ODEs. Thanks!,2023-10-21T17:54:12Z
2023-10-21T16:30:37Z,@TuanTran-fs8ll,pXvAh1IOO4U,AE501-Tuan Tran: Great video. This method is very helpful for the higher order of ODE and the system that has coupling between outputs. Thank you.,2023-10-21T16:30:37Z
2023-10-21T16:13:22Z,@mattpierucci7647,pXvAh1IOO4U,AE 501 - Seeing the State Space model used in Matlab/Simulink was very helpful for understanding why this is useful!,2023-10-21T16:13:22Z
2023-10-20T03:27:32Z,@meganmcmahon4456,pXvAh1IOO4U,AE501: In undergrad I don‚Äôt think I was ever introduced to the nonlinear / general state space form. It is an interesting exercise to walk through a nonlinear example.,2023-10-20T03:27:32Z
2023-10-20T01:26:15Z,@keelythompson8657,pXvAh1IOO4U,[AE501] thanks for this video! The 4th order example & the Simulink comparison were really helpful to understand why this is such a powerful technique.,2023-10-20T01:26:15Z
2023-10-20T04:15:40Z,@ChristopherLum,pXvAh1IOO4U,"Glad it was helpful, you can keep extending this idea to higher orders or even multiple equations.",2023-10-20T04:15:40Z
2023-10-20T01:19:06Z,@NataliaErmolaeva-i8q,pXvAh1IOO4U,"AE501:
Thank you Professor, this video was very helpful with homework 3 problem 2. The references to what the inputs and outputs could represent was very interesting making me think of the application of these systems.
How did you manipulate Simulink so the 2 paths for ODE method and State Space method are shown in boxes? -Natalia Ermolaeva",2023-10-20T01:19:06Z
2023-10-20T04:16:13Z,@ChristopherLum,pXvAh1IOO4U,"Natalia, sorry, I don't quite understand, do you have a timestamp in the video that is relevant?",2023-10-20T04:16:13Z
2023-10-18T17:42:42Z,@tymechling4,pXvAh1IOO4U,AE501 How do you make a Simulink model within a model like you did at the end of the video?,2023-10-18T17:42:42Z
2023-10-19T03:34:39Z,@ChristopherLum,pXvAh1IOO4U,This is called a subsystem.  Select all the blocks and then right click and you should see a relevant option.,2023-10-19T03:34:39Z
2023-10-18T04:40:33Z,@Richard_Le,pXvAh1IOO4U,"AE501 From an engineering perspective, is there any advantages to leaving diff. eqs. in ODE form rather than state space form? Are there any disadvantages with state space form?",2023-10-18T04:40:33Z
2023-10-16T02:44:38Z,@RajChhabraUW,pXvAh1IOO4U,AE501: I appreciate when you defined the physical coupling for the two tank hydraulic system,2023-10-16T02:44:38Z
2023-09-24T22:39:20Z,@cesarvb1452,pXvAh1IOO4U,"Hey, your videos really have helped me a lot thank you!!!. I come from your video titled ""Translating Between State Space, Transfer Function, and Ordinary Differential Equation Models"", and I have a question, in that video you said that any ODE of the form d^n z / d t^n +... =  d^m u / d t^m can be translated to the state space x*(t) = Ax(t)+B(t) however in this video you only take into account the equation d^n z / d t^n +... =  u, that is when no derivative of input signals appears, do you have any video or bibliography that tells how to deal with the general d^n z / d t^n +... =  d^m u / d t^m ?, or am I missing something?",2023-09-24T22:39:20Z
2023-04-06T12:37:20Z,@adityasrivastava6288,pXvAh1IOO4U,"I was having a hard time getting intuition about state space representation, but your video helped me understand this topic. Thanks a lot.",2023-04-06T12:37:20Z
2023-04-06T15:48:35Z,@ChristopherLum,pXvAh1IOO4U,"Hi Aditya,
Thanks for the kind words, I'm glad you enjoyed the video.  If you find these videos helpful, I hope you'll consider supporting the channel via Patreon at https://www.patreon.com/christopherwlum or via the 'Thanks' button underneath the video.  Given your interest in this topic, I'd love to have you a as a Patron as I'm able to talk/interact personally with all Patrons.  I can also answer any questions, provide code, notes, downloads, etc. on Patreon.  Thanks for watching!
-Chris",2023-04-06T15:48:35Z
2023-03-19T13:24:40Z,@iv_samsonov,pXvAh1IOO4U,"Thank you, master",2023-03-19T13:24:40Z
2022-12-28T05:44:09Z,@sparkindustirialsolutions,pXvAh1IOO4U,this video is super useful for me thank you for the endeavor,2022-12-28T05:44:09Z
2023-01-03T20:21:08Z,@ChristopherLum,pXvAh1IOO4U,"Hi Muluken,
Thanks for the kind words, I'm glad you enjoyed the video.  If you find these videos helpful, I hope you'll consider supporting the channel via Patreon at https://www.patreon.com/christopherwlum or via the 'Thanks' button underneath the video.  Given your interest in this topic, I'd love to have you a as a Patron as I'm able to talk/interact personally with all Patrons.  I can also answer any questions, provide code, notes, downloads, etc. on Patreon.  Thanks for watching!
-Chris",2023-01-03T20:21:08Z
2022-10-28T08:29:43Z,@testtestestes7367,pXvAh1IOO4U,I don't understand step 5 at all,2022-10-28T08:29:43Z
2022-10-26T23:44:19Z,@bsgove,pXvAh1IOO4U,"AE501

If it weren't for those last 20 minutes, I definitely couldn't have done most of the homework.",2022-10-26T23:44:19Z
2022-10-25T03:00:56Z,@Hr1s7i,pXvAh1IOO4U,This helped a lot. Thank you!,2022-10-25T03:00:56Z
2022-10-23T12:56:15Z,@paulpietrowicz3683,pXvAh1IOO4U,AE501-  Simplifying complex ODEs into state space representation-> Have a good understanding on how this allows for future more complex work.,2022-10-23T12:56:15Z
2022-09-19T04:29:46Z,@theodorezink2732,pXvAh1IOO4U,EE student here. This video might be the only reason I passed my signals and systems exam. Thank you professor Lum!!!,2022-09-19T04:29:46Z
2022-09-19T04:34:56Z,@ChristopherLum,pXvAh1IOO4U,"Hi Theodore,
Thanks for the kind words, I'm glad you enjoyed the video.  If you find these videos helpful, I hope you'll consider supporting the channel via Patreon at https://www.patreon.com/christopherwlum or via the 'Thanks' button underneath the video.  Given your interest in this topic, I'd love to have you a as a Patron as I'm able to talk/interact personally with all Patrons.  I also have code/downloads available for Patrons.  Thanks for watching!
-Chris",2022-09-19T04:34:56Z
2022-09-19T04:35:10Z,@theodorezink2732,pXvAh1IOO4U,"also wanted to say that it's really cool that you included the matlab section at the end, it really ties it all together and shows us why ss-representation is worth learning about",2022-09-19T04:35:10Z
2022-08-13T11:55:03Z,@CHIN0094,pXvAh1IOO4U,"Hello Professor Lum, do you happen to have videos on 1.phase plane portraits 2. Power series method to solve ODE?

I also have a separate question, when we are faced with a ODE of y‚Äù+p(x)y‚Äô+q(x)y=0 question, when do we decide to use variation of parameters method or power series method? Do these two methods achieve the same solutions ?",2022-08-13T11:55:03Z
2022-08-15T15:00:43Z,@ChristopherLum,pXvAh1IOO4U,"Hi,
Thanks for reaching out, I'm glad you enjoyed the video.  Unfortunately I'm unable to respond to questions on YouTube due to the sheer volume of inquiries that I receive.  That being said, I hope you'll consider supporting the channel via Patreon at https://www.patreon.com/christopherwlum or via the 'Thanks' button underneath the video as I'll be able to answer questions there.  Given your interest in the topic, I'd love to have you as a Patron as I'm able to talk/interact personally with Patrons.  Thanks for watching!
-Chris",2022-08-15T15:00:43Z
2022-07-07T02:53:55Z,@AJ-et3vf,pXvAh1IOO4U,Great video! Thank you!,2022-07-07T02:53:55Z
2022-07-13T06:25:16Z,@ChristopherLum,pXvAh1IOO4U,"Hi,
Thanks for the kind words, I'm glad you enjoyed the video.  If you find these videos helpful, I hope you'll consider supporting the channel via Patreon at https://www.patreon.com/christopherwlum or via the 'Thanks' button underneath the video.  Given your interest in this topic, I'd love to have you a as a Patron as I'm able to talk/interact personally with all Patrons.  Thanks for watching!
-Chris",2022-07-13T06:25:16Z
2022-06-05T05:33:42Z,@mohamedahsan9482,pXvAh1IOO4U,"Hello Lum... You did not derive the A, B, C and D matrices for the non-linear MBL system in the first part of the video. Could you please explain how the matrices are obtained as there is a constant g in the state equation. Much appreciated. Thanks",2022-06-05T05:33:42Z
2022-06-05T05:37:05Z,@ChristopherLum,pXvAh1IOO4U,"Hi Mohamed,
Thanks for reaching out, I'm glad you enjoyed the video.  Unfortunately I'm unable to respond to questions on YouTube due to the sheer volume of inquiries that I receive.  That being said, I hope you'll consider supporting the channel via Patreon at https://www.patreon.com/christopherwlum or via the 'Thanks' button underneath the video as I'll be able to answer questions there.  Given your interest in the topic, I'd love to have you as a Patron as I'm able to talk/interact personally with Patrons.  Thanks for watching!
-Chris",2022-06-05T05:37:05Z
2022-01-02T14:24:07Z,@enescavus777,pXvAh1IOO4U,"while watching your videos i feel like i am learning you really explain these things incredible and your excitement while telling is perfect, in shortly THANK YOU SO MUCH !!!",2022-01-02T14:24:07Z
2022-01-02T17:16:26Z,@ChristopherLum,pXvAh1IOO4U,"Hi Enes,
Thanks for the kind words, I'm glad you enjoyed the video.  If the find the these videos to be helpful, I hope you'll consider supporting the channel via Patreon at https://www.patreon.com/christopherwlum.  Given your interest in this topic, I'd love to have you a as a Patron as I'm able to talk/interact personally with all Patrons.  Thanks for watching!
-Chris",2022-01-02T17:16:26Z
2021-10-26T23:28:39Z,@ThomasNiemisto,pXvAh1IOO4U,"AE501 Very abstract, but it began to make sense when I thought of the state-space as a mathematical representation of the ""process"" in a control loop... Is that the correct way of thinking of it?",2021-10-26T23:28:39Z
2021-10-26T23:34:50Z,@ChristopherLum,pXvAh1IOO4U,"Thomas, yes that is exactly correct.  The process or plant of a control system can easily be described using a state space representation.  That being said, any linear dynamic system can be represented as a state space system.",2021-10-26T23:34:50Z
2021-10-27T01:43:32Z,@ThomasNiemisto,pXvAh1IOO4U,@ChristopherLum Thanks! üôÇ,2021-10-27T01:43:32Z
2021-10-25T00:29:52Z,@tarynz5622,pXvAh1IOO4U,AE501: This lecture is a great intro to the topic which I very much needed to review. The clear breakdown of the steps to derive these equations makes these problems seem less intimidating despite how high the nth order can be.,2021-10-25T00:29:52Z
2021-10-24T17:31:05Z,@aimeepak717,pXvAh1IOO4U,"AE501: Thanks for another intuitive lecture. Question. When we solve ODE's for the state, that's describing how the system itself behaves? whereas, if we want to know outputs that depend on the state (i.e. sensor readings), we would have to be given separate y(t) equations? I had always been confused when to use state-space representations vs. when not to because when I first learned ODEs, the term ""output"" seemed to be used to describe both the system response (state) and outputs dependent on the state.",2021-10-24T17:31:05Z
2021-10-24T17:44:01Z,@ChristopherLum,pXvAh1IOO4U,"Aimee, correct, the system state is all the information needed to predict the future behavior of the system.  For an aircraft, this might include things like airspeed, AoA, etc.  However, if you don't have sensors to measure all these, then the outputs might be a different set of signals that are derived from the states.  For example you might have an airspeed sensor that measures airspeed but no AoA vane to directly measure AoA",2021-10-24T17:44:01Z
2021-10-23T19:42:11Z,@jasonfranklin4614,pXvAh1IOO4U,AE501 This is a beautiful way to simplify and organize ODE's.  Thanks for the great explanation!,2021-10-23T19:42:41Z
2021-09-23T07:36:23Z,@TheManzico,pXvAh1IOO4U,I am sure the one dislike appearing here was done by mistake.......,2021-09-23T07:36:23Z
2021-05-14T18:59:06Z,@nuric91,pXvAh1IOO4U,Theres a big fat zero :D loved it,2021-05-14T18:59:06Z
2021-05-14T18:32:15Z,@nuric91,pXvAh1IOO4U,wtf. i got more in the first 9 minutes than i got from a 90 minutes lecture... i hate my university xD,2021-05-14T18:32:15Z
2021-05-04T07:51:05Z,@shimak_hanifa,pXvAh1IOO4U,Sir I came here from another video... you are sending to another video to understand this video...Im gonna be genius after finish my first video...,2021-05-04T07:51:05Z
2021-04-29T20:31:54Z,@montage1926,pXvAh1IOO4U,"Can you make a video where you design an active suspension system, with the controller and everything",2021-04-29T20:31:54Z
2021-04-29T20:05:17Z,@montage1926,pXvAh1IOO4U,"This video is a life saver, you're literally helping me a lot with my school project. Thank you!!!!!",2021-04-29T20:05:17Z
2021-04-26T14:10:08Z,@kaikim8402,pXvAh1IOO4U,Wait are you wearing  QUT T-shirt?,2021-04-26T14:10:08Z
2021-04-13T00:29:42Z,@chiragjain493,pXvAh1IOO4U,Purely Genius. thanks a lot.,2021-04-13T00:29:42Z
2021-04-12T08:46:40Z,@saadjarad2882,pXvAh1IOO4U,This is a lot of talking my head is blowing up,2021-04-12T08:46:40Z
2021-02-16T16:11:58Z,@reihanehmirjalili7467,pXvAh1IOO4U,I usually get bored when I watch tutorials. But your videos are not boring at all. You have a great teaching ability,2021-02-16T16:11:58Z
2021-01-30T17:00:35Z,@klong4128,pXvAh1IOO4U,Good introduction/briefing of state-space modeling with simple Matlab/Simulink with example.,2021-01-30T17:00:35Z
2021-01-22T15:25:57Z,@EigenA,pXvAh1IOO4U,You deserve a lot more likes! Please keep up the great work and thank you for putting out this material!,2021-01-22T15:25:57Z
2021-01-22T18:32:56Z,@ChristopherLum,pXvAh1IOO4U,I'm glad it was helpful.  There are several related videos on the channel.   Please feel free to check them out and I would love to hear what you think in the comments.   Thanks for watching!,2021-01-22T18:32:56Z
2021-01-18T21:32:58Z,@jaziebart,pXvAh1IOO4U,"AA 516 - Does a state space system always have an output? For example in homework problem 3 with a pure mass-spring-damper system, would there be an output or control vector if nothing is being measured or there is no feedback control loop included in the model? Also, when you say there are 2 states to the system it makes sense that position and velocity are considered states but why isn't acceleration also considered a state?",2021-01-18T21:34:15Z
2021-01-18T21:41:08Z,@ChristopherLum,pXvAh1IOO4U,"Hi John, this video might help answer your questions https://youtu.be/pXvAh1IOO4U, let me know if this doesn't clear this up.",2021-01-18T21:41:08Z
2020-11-26T14:46:46Z,@ajayjoseph4498,pXvAh1IOO4U,"Is there a method to convert ODE to SS where it will automatically extract A, B, C, D matrices?",2020-11-26T14:46:46Z
2020-11-16T10:36:24Z,@Gattomorto12,pXvAh1IOO4U,What if I have 2 diff. Equations form my system (inverted pendulum on a cart),2020-11-16T10:36:24Z
2020-11-05T10:23:03Z,@sendotakeshi2286,pXvAh1IOO4U,This is gold.,2020-11-05T10:23:03Z
2020-11-05T21:32:40Z,@ChristopherLum,pXvAh1IOO4U,I'm glad it was helpful.  There are several related videos on the channel.   Please feel free to check them out and I would love to hear what you think in the comments.   Thanks for watching!,2020-11-05T21:32:40Z
2020-11-06T04:39:44Z,@sendotakeshi2286,pXvAh1IOO4U,"‚Äã@ChristopherLum I think I already watched most videos, my favorite course is the one about LQR but they are all great really! I should be the one thanking you for making this available haha",2020-11-06T04:39:44Z
2020-11-02T05:26:25Z,@stardust6773,pXvAh1IOO4U,"Hi Professor Lum, I've got a system with two interconnected tanks where concentration and volume change over time. The resulting differential equations have some terms with the independent variable time in the denominator, so the system is nonlinear. How could I deal with this problem using this state space method? Thanks.",2020-11-02T05:26:25Z
2020-10-27T00:41:52Z,@sethwhittington28,pXvAh1IOO4U,"AE501: I have never understood this topic very well, but this is the best intro to state space representation I've ever received.",2020-10-27T00:41:52Z
2020-10-26T10:54:03Z,@quangvu998,pXvAh1IOO4U,"AE 501. At time stamp 18:46, the plots really look just like a bunch of exponential decaying functions with different values of vm. There's nothing wrong with look up table, but based on those plots and if i have to guess Fm might be e^(-vm.z)?",2020-10-26T10:54:03Z
2020-10-26T14:48:17Z,@ChristopherLum,pXvAh1IOO4U,"Good observation, that is a good candidate fit for an analytical expression that you might be able to use instead of a lookup table.  That being said, it is still a nonlinear function of the states so linear analysis techniques will not apply.",2020-10-26T14:48:17Z
2020-10-26T09:15:42Z,@renowhitcomb5505,pXvAh1IOO4U,AE 501 Fall 2020.,2020-10-26T09:15:42Z
2020-10-24T22:39:58Z,@ryanjorgensen8192,pXvAh1IOO4U,AE 501: Found this video very helpful. One part I am kind of confused on is in Step 5 of the example (around 57:00). Why was an arbitrary output chosen? How do you know what output to choose?,2020-10-24T22:39:58Z
2020-10-24T23:02:06Z,@ChristopherLum,pXvAh1IOO4U,I made this up.  Usually this is given to you or you chose which states you have a measurement/sensor for and this becomes one of your outputs.,2020-10-24T23:02:06Z
2020-10-21T16:14:20Z,@marcosszmania5874,pXvAh1IOO4U,"AE 501: Hi Professor Lum, for the state vector on the electro-magnet experiment you've chosen z(t) and z'(t), so position and velocity. 

I was expecting the same for the  Two Tank Hydraulic System, but you've chosen for the state vector, position h1(t) and position h2(t) (instead of velocity).",2020-10-21T16:14:20Z
2020-10-21T18:07:48Z,@ChristopherLum,pXvAh1IOO4U,"Hi Marcos, the choice of state vector is often dictated by the system.  In the case of the MBL, you need both position and velocity because the EOMs are a single, 2nd order ODE.   For the hydraulic system, it is actually two, first order ODEs so you need different information to predict the evolution of the system.",2020-10-21T18:07:48Z
2020-10-20T22:44:35Z,@lukaswalczak93,pXvAh1IOO4U,"The effort and quality of these videos, also being available for free is absolutely amazing . I must say I ve learned so much during this whole control theory series and all videos really had a great impact on final thesis I am currently working on. Your videos really formed the base I needed, so I could easily understand all the papers and books that i have read to implement and develop own algorithms. Thank you so much, you are indeed one of the best teachers I have had ao far. Keep it up.",2020-10-20T22:45:07Z
2020-10-20T22:59:59Z,@ChristopherLum,pXvAh1IOO4U,I'm glad they are helpful and I'm happy to hear that they made a positive impact on your academic career.  I'll continue releasing these videos as long as people like you keep watching them.  Thanks for staying with the channel!,2020-10-20T22:59:59Z
2020-10-20T20:11:08Z,@BeniSnow,pXvAh1IOO4U,"AE501: for the magnetic force, is you just use a lookup table instead of an analytic function, does that mean you can't solve the system for the rate of change of magnetic force Fm'(t) but only the position and the rate of change of that?",2020-10-20T20:11:08Z
2020-10-20T21:11:38Z,@ChristopherLum,pXvAh1IOO4U,"Beni, good question.  Even with a lookup table, you can still find the derivatives of the states, you just apply the lookup table and plug it into the equations for xdot.  That being said, the lookup table is by definition nonlinear so you can't make predictions of the system behavior.",2020-10-20T21:11:38Z
2020-10-19T17:04:44Z,@thiagor2656,pXvAh1IOO4U,Great Video!,2020-10-19T17:04:44Z
2020-10-19T17:29:32Z,@ChristopherLum,pXvAh1IOO4U,"I'm glad it was helpful, thanks for watching!",2020-10-19T17:29:32Z
2020-10-19T14:39:11Z,@ChristopherLum,pXvAh1IOO4U,"In case it is helpful, here are all my ODE videos in a single playlist https://www.youtube.com/playlist?list=PLxdnSsBqCrrHHvoFPxWq4l9D93jkCNIFN.  You can support this channel via Patreon at https://www.patreon.com/christopherwlum or by clicking on the 'Thanks' button underneath the video. Please let me know what you think in the comments.  Thanks for watching!",2022-08-29T16:28:48Z
2023-11-06T23:06:39Z,@ChristopherLum,W30U_rcThLg,"In case it is helpful, here are all my Fourier analysis videos in a single playlist https://www.youtube.com/playlist?list=PLxdnSsBqCrrEXKhynsK_u-suvtWzMwY5A.  You can support this channel via Patreon at https://www.patreon.com/christopherwlum or by clicking on the 'Thanks' button underneath the video. Please let me know what you think in the comments.  Thanks for watching!",2023-11-06T23:06:39Z
2025-11-12T05:25:05Z,@mazoz,W30U_rcThLg,[AE501_UM] Done,2025-11-12T05:25:05Z
2025-11-11T21:57:57Z,@sumanpranata,W30U_rcThLg,AE501_GSAP,2025-11-11T21:57:57Z
2025-11-11T03:18:02Z,@oralynnreeve4157,W30U_rcThLg,Cool to think about how this relates to music sampling.  AE501_OS,2025-11-11T03:18:02Z
2025-11-10T21:27:45Z,@LukeCibulsky-x7o,W30U_rcThLg,[AE501_LC] Fourier transforms took me a bit to mentally grasp but the visuals were very helpful!,2025-11-10T21:27:45Z
2025-11-10T03:42:28Z,@Bone_7_,W30U_rcThLg,AE501_TB Another great video thanks!,2025-11-10T03:42:28Z
2025-11-09T06:43:51Z,@bbyrnes2320,W30U_rcThLg,AE501_BB,2025-11-09T06:43:51Z
2025-11-07T22:10:32Z,@Esper-x4h,W30U_rcThLg,AE501_BH Done!,2025-11-07T22:10:32Z
2025-11-05T18:28:22Z,@nightwatch8662,W30U_rcThLg,AE501_WM: Good indepth explanation on discrete Fourier Transform,2025-11-05T18:28:22Z
2025-11-03T21:29:51Z,@HenryMuller-l3w,W30U_rcThLg,AE501_HM - Done,2025-11-03T21:29:51Z
2025-09-13T06:51:35Z,@anandar1158,W30U_rcThLg,"Excellent video if someone want to know DFT with an visual example.

@ChristopherLum Could you please explain how to interpret the phase we get after DFT?",2025-09-13T06:51:35Z
2025-08-03T17:40:23Z,@jorgejesusmorenoperez7733,W30U_rcThLg,everybody gangta till you raise 1 to infinity,2025-08-03T17:40:23Z
2025-04-15T10:35:12Z,@ramonarjonaquinones7453,W30U_rcThLg,Thank you very much,2025-04-15T10:35:12Z
2025-04-06T03:56:12Z,@eswyatt,W30U_rcThLg,Where is the Fourier Transform video?,2025-04-06T03:56:12Z
2025-04-01T20:20:11Z,@hellelo.5840,W30U_rcThLg,"Thanks, this exactly what I want I never want the end result directly, I always want to understand the intuition behind everything",2025-04-01T20:20:11Z
2025-04-21T18:28:36Z,@Bull-ph1gf,W30U_rcThLg,same with  me ....i am doing mechaning engineering ...solid mechanics ...what about you,2025-04-21T18:28:36Z
2025-01-26T15:58:26Z,@noodie16,W30U_rcThLg,"Thank you so much for this playlist. I have been hoping from one playlist to another to understand Fourier transform for Speech processing, finally this video made it clear.",2025-01-26T15:58:26Z
2024-12-31T08:38:12Z,@PauloConstantino167,W30U_rcThLg,You are absolutely amazing. Clear concive and extremely clever. Well done.,2024-12-31T08:38:12Z
2024-12-14T11:32:03Z,@gplgomes,W30U_rcThLg,Faster new FFT:  https://www.youtube.com/watch?v=KaZksn5oboU&t=5s,2024-12-14T11:32:03Z
2024-12-10T01:29:48Z,@KennethWright-k2h,W30U_rcThLg,AE501: AE501: Excellent explanation of a very confusing topic.,2024-12-10T01:29:48Z
2024-12-03T21:59:49Z,@KanwarjitSingh88,W30U_rcThLg,AE501 Great videoüëç,2024-12-03T21:59:49Z
2024-11-16T04:48:52Z,@malachimorris1649,W30U_rcThLg,AE501 - Malachi Morris,2024-11-16T04:48:52Z
2024-11-16T04:46:24Z,@EfremNickel,W30U_rcThLg,AE501: Thank you for breaking down the numerous steps into something digestable. I can't imagine learning this from a textbook by myself üòÖ,2024-11-16T04:46:24Z
2024-11-16T07:49:58Z,@ChristopherLum,W30U_rcThLg,It‚Äôs great to hear you found the breakdown helpful!,2024-11-16T07:49:58Z
2024-11-16T03:17:30Z,@Tamanaaaa1,W30U_rcThLg,AE 501: Great explanation. Thank you!,2024-11-16T03:17:30Z
2024-11-16T02:56:50Z,@jacobgivens2000,W30U_rcThLg,AE501: Great lecture Prof. Not going to lie I had to rewind it a few times but that is a great advantage of having a recording!,2024-11-16T02:56:50Z
2024-11-16T02:52:38Z,@CharlotteGill-v2w,W30U_rcThLg,AE501- I appreciated the derivation in helping understand DFTs!,2024-11-16T02:52:38Z
2024-11-15T05:16:01Z,@tonykuenzli2182,W30U_rcThLg,AE501,2024-11-15T05:16:01Z
2024-11-14T05:58:35Z,@LilanieAlfredaAbdur-Rahman,W30U_rcThLg,"Ae501: Although the steps to solving the DFT are numerous, the explanation is so logical. I cannot believe that at least 3 of my undergrad courses opted to not explain how or why the coefficients were solved for.  I guess the assumption was that we would learn it in grad school. Thanks for the explanation, finally!!! No more MathMagic here.",2024-11-14T05:58:35Z
2024-11-14T04:17:55Z,@KarlaPkva,W30U_rcThLg,AE501 - Having the video and its lecture notes have both been invaluable for me to relearn the concepts in this video (and all of the previous topics so far). Thank you!,2024-11-14T04:17:55Z
2024-11-14T04:21:51Z,@ChristopherLum,W30U_rcThLg,I'm glad the notes are useful.  Personally I like to have a set of notes on hand when I watch a new lecture.,2024-11-14T04:21:51Z
2024-11-14T02:39:19Z,@keyshawnb4845,W30U_rcThLg,AE 501: The visuals really helped me follow along with the video! Thank you so much!,2024-11-14T02:39:19Z
2024-11-14T03:30:36Z,@ChristopherLum,W30U_rcThLg,I'm glad you found the visuals helpful!,2024-11-14T03:30:36Z
2024-11-13T09:19:06Z,@CodySmith,W30U_rcThLg,AE501,2024-11-13T09:19:06Z
2024-11-12T17:37:35Z,@DrWangSTEM,W30U_rcThLg,[A E 501 student] watched - CW,2024-11-12T17:37:35Z
2024-11-12T04:53:40Z,@ryanmeinhardt81,W30U_rcThLg,"AE501 : easy to follow walk through of the DFT derivation, and good example at the end to see how it's used",2024-11-12T04:53:40Z
2024-11-11T22:29:21Z,@paxtonschipper1926,W30U_rcThLg,AE501: Very helpful lesson. Visuals really helped me learn.,2024-11-11T22:29:21Z
2024-11-09T22:38:27Z,@felipepiton7855,W30U_rcThLg,"AE 501: Hi Professor, your videos are great! You mention a Fourier Transform video right in the start. Is that available? Thanks!",2024-11-09T22:38:27Z
2024-11-10T03:38:54Z,@ChristopherLum,W30U_rcThLg,"Unfortunately it is not yet available, stay tuned!",2024-11-10T03:38:54Z
2024-09-29T16:18:34Z,@subashkumaraguru269,W30U_rcThLg,"Though k and N are integers, it is possible that k/N is a rational number, in such case 2*pi*k/N need not be an multiple of 2*pi always right? @ChristopherLum",2024-09-29T16:18:34Z
2024-09-14T16:16:58Z,@iqjailor5342,W30U_rcThLg,"Thank you for a video!
I‚Äôd like to ask if Fourier transform video is missing from playlist? At 1:03 seems that Laplace transform video is inserted instead.",2024-09-14T16:16:58Z
2024-09-14T16:57:06Z,@ChristopherLum,W30U_rcThLg,"Haha, you have a very good eye and you are correct.  I actually am in the process of putting together the Fourier Transform video and needed to put a placeholder into this current video.  Hopefully I'll have the transform video up in the near future.  Thanks for watching!",2024-09-14T16:57:06Z
2025-04-01T13:46:42Z,@pathumdilharadissanayake5032,W30U_rcThLg,@ChristopherLumis it done yet,2025-04-01T13:46:42Z
2024-07-12T15:12:54Z,@AALLPPHHA,W30U_rcThLg,Thank you professor ‚ù§,2024-07-12T15:12:54Z
2024-01-03T23:01:27Z,@wenjiezhang4685,W30U_rcThLg,It is really helpful. Thanks Christopher.,2024-01-03T23:01:27Z
2023-12-28T05:59:36Z,@tommyfan6911,W30U_rcThLg,Thank you ! Your videos are constantly saving me every day!,2023-12-28T05:59:36Z
2023-12-20T17:57:57Z,@SergeyPopach,W30U_rcThLg,g(x) is given by inverse of fast fourier transform. It would be nice to see how the phase angle for cos(x) is derived.,2023-12-20T17:57:57Z
2023-11-27T15:24:24Z,@davidghope1,W30U_rcThLg,"The value of x is used in all the equations -, but never stated - what is the value of x",2023-11-27T15:24:24Z
2023-11-25T12:36:46Z,@bricklee4744,W30U_rcThLg,"Hello Dr.Lum, now I cannot find the Fourier Transform video in your channel, but it was there several days ago",2023-11-25T12:36:46Z
2023-11-15T11:14:03Z,@KevinCastaneda21,W30U_rcThLg,AE 501: what is the difference between the frequency domain and the Laplace domain in terms of the reduction of complexity of the loss of or gain of richness like you previously mentioned when dealing with ODE‚Äôs?,2023-11-15T11:14:03Z
2023-11-12T04:59:23Z,@mattpierucci7647,W30U_rcThLg,AE 501 - Can you explain the aliasing a bit more? Why do the higher frequency functions appear in the transform?,2023-11-12T04:59:23Z
2023-11-11T18:39:09Z,@KevinKdep,W30U_rcThLg,"AE501- This is very helpful and definitely a great refresher for me. My brain was hurting quite a bit from the beginning.  With good visuals and demonstration, it's very helpful. I'm truly a visual learner. Great demonstration, Professor!",2023-11-11T18:39:09Z
2023-11-11T16:33:27Z,@Hiyori___,W30U_rcThLg,superb way of teaching. Love your videos professor!,2023-11-11T16:33:27Z
2023-11-11T00:17:31Z,@NataliaErmolaeva-i8q,W30U_rcThLg,AE501: I noticed that the Fourier02 and Fourier03 videos are the same. Was this intentional? I am looking for a video on using the function command in Matlab. - Natalia Ermolaeva,2023-11-11T00:17:31Z
2023-11-11T04:26:03Z,@ChristopherLum,W30U_rcThLg,"Natalia, thanks for catching this.  I've fixed this and the Fourier03 video should now be live.  Lecture notes were also added to the website.  Let me know if you see anything else fishy in the future, thanks.",2023-11-11T04:26:03Z
2023-11-10T05:42:00Z,@ToanLuu158,W30U_rcThLg,"AE501: Did your k (red dot) jump around and making a static sound, so we could understand the real engineering issue for DFT?  üòÑüòÑüòÑ",2023-11-10T05:42:00Z
2023-11-10T00:19:36Z,@elijahleonen198,W30U_rcThLg,"AE501: Very clear explanation, especially the derivation of Discrete Fourier Transform!",2023-11-10T00:19:36Z
2023-11-09T21:09:50Z,@supmyhomi9,W30U_rcThLg,"AE 501: Excellent video! The video was conceptually very clear and to the point. You are an amazing teacher, Prof Lum! I loved your Fourier Series video too! - Minja Anthony Nozinovic",2023-11-09T21:09:50Z
2023-11-08T06:06:21Z,@Richard_Le,W30U_rcThLg,AE501 1:16:55 Is aliasing always present when performing DFT? What is causing it to appear?,2023-11-08T06:06:21Z
2023-11-08T05:33:45Z,@Mingming98756,W30U_rcThLg,Hello! Is there any video about MPC control? I can‚Äôt find it :(,2023-11-08T05:33:45Z
2023-11-08T00:58:51Z,@RajChhabraUW,W30U_rcThLg,AE501: Interesting video on Discrete Fourier Transform! Looking forward to walking through the homework.,2023-11-08T00:58:51Z
2023-11-08T00:26:38Z,@TuanTran-fs8ll,W30U_rcThLg,"AE501-Tuan Tran: 42:50 when we do the dot product with the complex conjugate, it is still the same angle but does it means it now samples in opposite direction of the real and imaginary axes (counter clockwise)?",2023-11-08T00:26:38Z
2023-11-07T21:23:34Z,@farnamfarshbaf7853,W30U_rcThLg,"Hello Dr.Lum. is it possible to do a similar video on ""fft2"" for 2-variable functions?",2023-11-07T21:23:34Z
2023-11-07T07:22:57Z,@Ajay-ib1xk,W30U_rcThLg,"SIr, Great alternate view on the powerful DFT in time domain",2023-11-07T07:22:57Z
2023-11-07T03:11:12Z,@EleanorUyyek,W30U_rcThLg,"AE501 Can we just take a moment to appreciate how mind-boggling it is that anyone ever came up with this? It's a complicated enough topic when you have someone teaching it to you, but to invent the principles from scratch is just wild.",2023-11-07T03:11:12Z
2023-11-07T03:18:36Z,@ChristopherLum,W30U_rcThLg,I thought the very same thing :)  And it just keeps getting crazier and crazier as you continue down the rabbit hole.,2023-11-07T03:18:36Z
2025-06-12T02:35:07Z,@johnlawnmower,tk1sHdw5PWs,"AE512_GJ : I've always found the Coriolis Equation a bit abstract and unintuitive, covering this concept is much appreciated",2025-06-12T02:35:07Z
2025-05-02T09:26:57Z,@pedromenabarranco4591,tk1sHdw5PWs,AE512_PM: Great video,2025-05-02T09:26:57Z
2025-04-07T00:32:11Z,@tranpham7120,tk1sHdw5PWs,AE512_TP: looking forward for success in this class.,2025-04-07T00:32:11Z
2025-04-05T03:47:00Z,@EleanorUyyek,tk1sHdw5PWs,AE512_EU Looking forward to this class!,2025-04-05T03:47:00Z
2025-04-02T01:47:13Z,@TheJusticeCluster,tk1sHdw5PWs,AE512_AT looks like some interesting material,2025-04-02T01:47:13Z
2025-04-01T20:52:37Z,@nealpatel9048,tk1sHdw5PWs,AE512_NP I've heard of the Coriolis equations but not Rodrigues' rotational formula. I'm looking forward to learning about it!,2025-04-01T20:52:37Z
2025-04-01T21:06:45Z,@ChristopherLum,tk1sHdw5PWs,"Yep, we are going to use this shortly.  Glad to see you're getting a head start on things!",2025-04-01T21:06:45Z
2025-04-01T04:33:16Z,@lukewideman1,tk1sHdw5PWs,AE512_LW Thank you for the help on figuring out homework 1!,2025-04-01T04:33:16Z
2025-04-01T04:54:52Z,@ChristopherLum,tk1sHdw5PWs,"Hi Luke, great to see you're getting a head start on things!",2025-04-01T04:54:52Z
2025-02-16T16:13:03Z,@mattiaviola7152,tk1sHdw5PWs,Thanks for your videos. But note that the italian Audio track is terrible. Why would you do such a thing? insane.,2025-02-16T16:13:03Z
2025-02-16T16:11:45Z,@mattiaviola7152,tk1sHdw5PWs,ma che sta succedendo? sento in italiano tradotto malissimo! dove √© la versione inglese????,2025-02-16T16:11:45Z
2025-01-17T06:39:50Z,@NMovchan,tk1sHdw5PWs,AA 516,2025-01-17T06:39:50Z
2024-12-31T18:30:54Z,@Hfhguuhydtdtfuuhhh,tk1sHdw5PWs,Merry Christmas and happy peaceful new year Dr,2024-12-31T18:30:54Z
2025-01-03T15:19:11Z,@ChristopherLum,tk1sHdw5PWs,Happy Holidays to you too!,2025-01-03T15:19:11Z
2020-06-01T03:23:07Z,@ChristopherLum,XQZV-YZ7asE,"In case it is helpful, here are all the Flight Mechanics videos in a single playlist https://www.youtube.com/playlist?list=PLxdnSsBqCrrEx3A6W94sQGClk6Q4YCg-h.  You can support this channel via Patreon at https://www.patreon.com/christopherwlum.  Please let me know what you think in the comments.  Thanks for watching!",2021-11-22T16:11:10Z
2025-10-17T11:54:23Z,@ehsanzakeri3418,XQZV-YZ7asE,Awsome,2025-10-17T11:54:23Z
2025-06-10T16:45:27Z,@LilanieAlfredaAbdur-Rahman,XQZV-YZ7asE,AE 512: Thanks Dr.Lum,2025-06-10T16:45:27Z
2025-06-07T20:16:22Z,@CharlotteGill-v2w,XQZV-YZ7asE,"AE512_CSG: I was wondering how you could find altitude, this calculation was very straightforward and simple!",2025-06-07T20:16:22Z
2025-06-07T18:05:20Z,@TriMartz-f4x,XQZV-YZ7asE,"[AE512_TM] ""when you think you're done, you've only just begun!"" -RCAM_model",2025-06-07T18:05:20Z
2025-06-01T16:25:05Z,@BrianaStaheli-gf7jg,XQZV-YZ7asE,"AE512_BS: now that we have the basis for everything else, it seems so very simple to form the navigation equations! Appreciate the visuals as always",2025-06-01T16:25:05Z
2025-03-17T23:47:05Z,@arloshen8123,XQZV-YZ7asE,"AA516 - Appreciated the differentiation between heading and course. This reminds me a little of a heading vs. track flight guidance, like in the context of a ATC-instructed takeoff and pilot selection of a lateral flight guidance mode.",2025-03-17T23:47:05Z
2025-03-17T04:12:44Z,@JasperWaiLamMatthe,XQZV-YZ7asE,AA516,2025-03-17T04:12:44Z
2025-03-16T20:44:46Z,@jaspergeldenbott4158,XQZV-YZ7asE,AA516,2025-03-16T20:44:46Z
2025-03-16T18:01:43Z,@celiaperez8,XQZV-YZ7asE,AA516: The simulation diagram is very helpful; it makes the process much easier to follow and greatly aids in understanding the concepts clearly.,2025-03-16T18:01:43Z
2025-03-16T00:51:02Z,@VanessaFrancoLopez,XQZV-YZ7asE,AA516: very clear and easy to follow!,2025-03-16T00:51:02Z
2025-03-15T22:08:19Z,@kutdem6321,XQZV-YZ7asE,AA516: It's great and fun to see everything we learned throughout the course coming together (Kutay Demiralay),2025-03-15T22:08:19Z
2025-03-15T21:47:24Z,@SennaKeesing,XQZV-YZ7asE,"AA 516 Very helpful explanation, thanks for a great quarter professor!",2025-03-15T21:47:24Z
2025-03-15T01:59:21Z,@sahizsaran,XQZV-YZ7asE,"AA516: Very useful video, thanks!",2025-03-15T01:59:21Z
2024-06-07T02:48:27Z,@chayweaver.2995,XQZV-YZ7asE,AE512: Nice to see the NED making a comeback from the first class video,2024-06-07T02:48:27Z
2024-06-06T07:54:56Z,@jordantriolo571,XQZV-YZ7asE,"AE512: Nice video, I'm glad that gamma has finally been properly redefined",2024-06-06T07:54:56Z
2024-06-05T04:49:54Z,@edwardmau5877,XQZV-YZ7asE,AE 512: The drawing of the simulink model helped the discussion. It was nice to see the model and the derivations at the same time on the board.,2024-06-05T04:49:54Z
2024-06-02T20:58:39Z,@davidtelgen8114,XQZV-YZ7asE,"AE512: That mathworks 6DOF model is super well organized under the mask, I can never make my models look that neat!",2024-06-02T20:58:39Z
2024-06-02T19:15:52Z,@zaneyosif,XQZV-YZ7asE,AE512: Interesting discussion about how to manipulate the outputs of the RCAM state vector. 48:26 makes me think that it might be better to keep the state vector as the 9 states and have a separate function to implement the navigation equations so that we wouldn't have to affect the trim algorithms that we have developed before.,2024-06-02T19:16:03Z
2024-06-01T20:05:54Z,@aimeepak717,XQZV-YZ7asE,AE512: I like how we are seeing the NED frame positions coming back from the beginning of the class!,2024-06-01T20:05:54Z
2024-05-29T02:42:32Z,@timproby7624,XQZV-YZ7asE,"[AE 512] 40:57
Don't you need to integrate PN PE PD coming out of the RCAM system to get positions? Based on the code you are outputting translational velocities in the NED frame, not positions?",2024-05-29T02:42:32Z
2024-05-29T02:59:02Z,@ChristopherLum,XQZV-YZ7asE,"I think you mean VN, VE, VD.  And in short this is correct, we are rotating u, v, w (which is in the body frame) to be VN, VE, VD and then integrating.",2024-05-29T02:59:02Z
2024-05-29T03:05:33Z,@timproby7624,XQZV-YZ7asE,@ChristopherLum So the integration to get PN PE PD is happening underneath the 'RCAM' submodel mask?,2024-05-29T03:05:33Z
2024-03-29T02:46:00Z,@tomgoodwin9161,XQZV-YZ7asE,"What I was looking for is the formula to find a location  NORTH, EAST/ WEST SOUTH. It has been 52 years since I have had to do it. When last I had to, there was no GPS available. We called it the NEWS formula.",2024-03-29T02:46:00Z
2024-03-11T00:20:38Z,@Po-ChihHuang,XQZV-YZ7asE,AA816:Po,2024-03-11T00:20:38Z
2024-03-10T21:08:54Z,@yaffetbedru6612,XQZV-YZ7asE,AA516: Thanks for the video!,2024-03-10T21:08:54Z
2024-03-07T18:00:31Z,@petermay6090,XQZV-YZ7asE,AA516: Useful and concise video!,2024-03-07T18:00:31Z
2023-12-12T19:32:50Z,@berkinan1496,XQZV-YZ7asE,Hi. What is the climb angle formula reference book? I need to study this book. Pls help me!,2023-12-12T19:32:50Z
2023-12-13T04:15:09Z,@ChristopherLum,XQZV-YZ7asE,"Hi,
Thanks for reaching out, I'm glad you enjoyed the video.  Unfortunately I'm unable to respond to questions on YouTube due to the sheer volume of inquiries that I receive.  That being said, I hope you'll consider supporting the channel via Patreon at https://www.patreon.com/christopherwlum or via the 'Thanks' button underneath the video as I'll be able to answer questions there.  Given your interest in the topic, I'd love to have you as a Patron as I'm able to talk/interact personally with Patrons.  Thanks for watching!
-Chris",2023-12-13T04:15:09Z
2023-11-01T18:56:32Z,@hamasahmad3751,XQZV-YZ7asE,"hi can anyone plz send me this model i am stuck after the 6 DOF model with 9 states , but i need this",2023-11-01T18:56:32Z
2023-03-14T03:09:14Z,@daniellerogers5959,XQZV-YZ7asE,"AA516 - Best, concise explanation for the differentiation between course and heading angle, thank you!",2023-03-14T03:09:14Z
2023-03-10T21:10:33Z,@ojasvikamboj6083,XQZV-YZ7asE,A A 516: Ojasvi Kamboj,2023-03-10T21:10:33Z
2022-06-02T04:40:00Z,@marcosszmania5874,XQZV-YZ7asE,"AE 512 - Hi Professor Lum. Minute 44:07 -> Your ""simUIn"" is a ""From WorkPlace"" block? is it a two-column matrix with time inputs on first column and value inputs on second column? 

How could I create my simUIn? Thanks.",2022-06-02T04:40:00Z
2022-06-02T22:28:18Z,@yifuwang1807,XQZV-YZ7asE,"Hi Marcos, it is a From Workspace block and you can find it under Simulink Library Browser >> Simulink/Sources. To input data, use simUIn.time and simUIn.signals.values in MATLAB.",2022-06-02T22:28:18Z
2022-05-29T21:40:26Z,@sethwhittington28,XQZV-YZ7asE,"AE512: error at 37:30? 3 element vector is velocity in each axis of NED frame, not position?",2022-05-29T21:40:26Z
2022-05-21T01:02:22Z,@daviddevine2415,XQZV-YZ7asE,"AE512: If we add X(10), X(11), X(12) as P_N, P_E, P_D to the state vector inside the RCAM model, what do you suggest setting for initial conditions on these elements? I'm thinking (0,0,0) would be a good choice, since when we initialize (phi, lambda, h) as our starting LLA for the Simulink block Geodetic Integrator then the P_N, P_E, P_D evolutions will be relative to that LLA starting point. What do you think?",2022-05-21T01:02:22Z
2022-05-21T01:07:26Z,@ChristopherLum,XQZV-YZ7asE,"David, yes [0;0;0] is fine.  Or if you want some altitude try [0;0;-500];",2022-05-21T01:07:26Z
2022-03-15T19:24:34Z,@seth_reed,XQZV-YZ7asE,"A A 516, Thank you Professor Lum for a great quarter. This was probably my favorite class that I have taken. These videos are so well documented and organized which really helped me learn all about building the resulting flight sim. Thanks!",2022-03-15T19:24:34Z
2022-03-15T20:05:24Z,@ChristopherLum,XQZV-YZ7asE,"Seth, I'm glad you enjoyed the class, it was a pleasure having you in the class, I hope our paths cross again in the future!",2022-03-15T20:05:24Z
2022-03-11T01:43:48Z,@anthonysu1712,XQZV-YZ7asE,"<AA 516> I appreciate it so much every time you put those helpful tips on common pitfalls! E.g. the hDot = -down, the pros and cons of the two MATLAB implementations, etc. are very helpful.",2022-03-11T01:43:48Z
2021-04-18T20:24:40Z,@halilhanc5176,XQZV-YZ7asE,Sir when  we change  the output of RCAM as 12x1 matrix how do we have to change integrator's inital condition ?How 12 element matrix give feedback to RCAM function.It seems there is something wrong here.,2021-04-18T20:24:40Z
2021-07-06T13:33:05Z,@jackmacleod-maclean4206,XQZV-YZ7asE,I'm having a similar issue with the modification and the no. of input and exit ports not matching. Have you found a soluiton? Perhaps we can share code to try and work through it?,2021-07-06T13:33:05Z
2021-01-28T10:12:49Z,@SomeTechGuy666,XQZV-YZ7asE,"My goodness, the object orientated dissection of these problems make them so much easier to understand.",2021-01-28T10:12:49Z
2021-01-28T17:04:02Z,@ChristopherLum,XQZV-YZ7asE,"Hi TechGuy, it seems that you are working your way through the Flight Mechanics playlist, thanks for all the comments and for watching!",2021-01-28T17:04:02Z
2021-01-28T10:01:02Z,@SomeTechGuy666,XQZV-YZ7asE,Fantastic video.,2021-01-28T10:01:02Z
2020-12-18T23:57:48Z,@yemaneabera1828,XQZV-YZ7asE,"it was so helpfull...pls keep it up.
and pls would you pass me through the link for 1. wind Tunnel Testing And Data Reduction
2. The Flat Earth Equations of Motion for a Rigid Body",2020-12-18T23:57:48Z
2020-08-23T19:54:04Z,@MertSerhatSarƒ±han,XQZV-YZ7asE,"Thank you for your valuable lessons. I hope you do consider sharing lessons which cover missiles, autopilots and guidance systems.",2020-08-23T19:54:24Z
2020-07-11T01:33:34Z,@AYIBOGAN-v3o,XQZV-YZ7asE,you said you made some augmentations and modifications on rcam model Can you share this in the video ?,2020-07-11T01:33:34Z
2020-07-10T05:36:31Z,@soyluserdar,XQZV-YZ7asE,Thank you for the great content!,2020-07-10T05:36:31Z
2020-07-08T06:29:44Z,@601106790,XQZV-YZ7asE,"Hello Prof. Christopher, so clear and detailed explaination!! Could you please share your lecture notes?",2020-07-08T06:29:44Z
2020-06-20T21:00:03Z,@ucontrolchannel5967,XQZV-YZ7asE,Thank youuu verryyy much,2020-06-20T21:00:03Z
2020-06-22T16:15:34Z,@ChristopherLum,XQZV-YZ7asE,You're welcome!,2020-06-22T16:15:34Z
2020-11-05T23:42:42Z,@deepbluesee2213,XQZV-YZ7asE,@ChristopherLum could you share the modifications on rcam model? Thank you very much!,2020-11-05T23:42:42Z
2020-06-18T00:33:37Z,@SalmaAbdelaty,XQZV-YZ7asE,"Hello Prof. Christopher,
I'd like to express my deep appreciation & gratitude for your videos, I've watched a couple of control videos and this video which helped me to make the scattered concepts clear & intuitive... I really hope those videos were released earlier... It's helping me with my graduation project.... 
I would really appreciate if you can build up on the flight dynamics videos and discuss Autopilot design especially the part of Guidance & path following controllers design for small UAVs ... I can't find clear & easy to grasp resources discussing them and it would be wonderful if you could discuss them soon...
Thank you so much for all of your efforts.",2020-06-18T00:33:37Z
2020-06-03T10:33:58Z,@zhc3404,XQZV-YZ7asE,Aha!This world is better becaues of you!,2020-06-03T10:33:58Z
2020-06-07T01:51:49Z,@ChristopherLum,XQZV-YZ7asE,Glad you like it.  There are other Flight Mechanics videos on the channel.  Please feel free to check them out and let me know what you think.  Thanks for watching!,2020-06-07T01:51:49Z
2020-04-26T14:32:05Z,@ChristopherLum,bFFAL9lI2IQ,"In case it is helpful, here are all the Flight Mechanics videos in a single playlist https://www.youtube.com/playlist?list=PLxdnSsBqCrrEx3A6W94sQGClk6Q4YCg-h.  You can support this channel via Patreon at https://www.patreon.com/christopherwlum.  Please let me know what you think in the comments.  Thanks for watching!",2021-11-22T16:09:29Z
2020-09-18T20:21:04Z,@faitevebooks6919,bFFAL9lI2IQ,"Thank you Prof. Lum. It is nice to have your videos of talking about the flight mechanics. For the nonlinear 6 DOF dynamic model, I expected something about the term  œâ ‚Éó√óH ‚Éó, where H ‚Éó=(I_x p,I_y q,I_z r) which will cause nonlinear pitch instability as shown in my video: https://www.youtube.com/watch?v=gG2-mu6I11A. I believe this nonlnear pitch instability is the root cause for two recent 737 Max crashes. You can also found my presentation about this claim at  Slide 13 in http://www.aiaahouston.org/Horizons/ATS2019-Presentation-SS-Tang.pdf. I appreciate your thought about this phenomenon. Steve Tang",2020-09-18T20:21:04Z
2025-10-17T21:14:44Z,@mohomoha-j2o,bFFAL9lI2IQ,Mass does change if  te airplane pilot decides to throw out some turbulent passengers out !!!!!!!!!!!,2025-10-17T21:14:44Z
2025-10-30T17:15:05Z,@Jeff-i8u,bFFAL9lI2IQ,This is the kind of real engineering I like to see on YouTube!!,2025-10-30T17:15:05Z
2025-09-17T21:33:31Z,@ehsanzakeri3418,bFFAL9lI2IQ,"I wish you were my actual professor, thanks a lot!",2025-09-17T21:33:31Z
2025-07-16T22:32:58Z,@skyquirks,bFFAL9lI2IQ,Thanks! Very helpful!,2025-07-16T22:32:58Z
2025-06-12T02:50:19Z,@johnlawnmower,bFFAL9lI2IQ,AE512_GJ : I really enjoy that the class concepts are tied together for an interesting application like the RCAM model,2025-06-12T02:50:19Z
2025-05-25T04:33:32Z,@lukewideman1,bFFAL9lI2IQ,AE512_LW Coming back to this with prep for the final project,2025-05-25T04:33:32Z
2025-05-16T18:36:18Z,@pedromenabarranco4591,bFFAL9lI2IQ,AE512_PM: Thanks for the lecture,2025-05-16T18:36:18Z
2025-05-16T18:05:57Z,@iremerkan0217,bFFAL9lI2IQ,AE512_IE: Thank you for breaking down the steps and putting titles to the timestamps which helped follow through to create the model.,2025-05-16T18:05:57Z
2025-05-17T03:41:03Z,@ChristopherLum,bFFAL9lI2IQ,"You're welcome, I'm glad the timestamps helped!",2025-05-17T03:41:03Z
2025-05-16T05:47:15Z,@CharlotteGill-v2w,bFFAL9lI2IQ,AE512_CSG: The breakdown of all the steps and the explanation of assumptions made it easy to follow how to develop the model,2025-05-16T05:47:15Z
2025-05-16T03:28:06Z,@TriMartz-f4x,bFFAL9lI2IQ,[AE512_TM] Very comprehensive!,2025-05-16T03:28:06Z
2025-05-16T00:16:50Z,@KhoaiNguyen160,bFFAL9lI2IQ,AE512_KN: so many variables to remember but I like the video.,2025-05-16T00:16:50Z
2025-05-15T05:15:38Z,@matthew-bennett13,bFFAL9lI2IQ,AE512_MAB: Great video! Specifically wanted to call attention to your effective use of chaptering. First off thank you for using the youtube UI to display chapters. I like it much better than just posting time stamps. Second I thought these were effectively spaced. I often have to fit watching lecture time into pockets of time throughout the day like on my lunch break and being able to see at a glance what I can feasibly go through is very helpful. I hope at some point I can make it to office hours to talk about step 5 here your pseudo jacobian documentation method seems efficient once explained but I am curious about what led you that way.,2025-05-15T05:15:38Z
2025-05-15T06:05:34Z,@ChristopherLum,bFFAL9lI2IQ,"I'm glad you liked the chaptering, I tried to make it easy to jump around to the parts you needed.  Yes, let's chat about the Jacobian, we will see it again in a few weeks when we do the linearization",2025-05-15T06:05:34Z
2025-05-15T01:03:30Z,@Ozzryck-828,bFFAL9lI2IQ,AE512_SW incredibly helpful and throughout breakdown of what goes into the RCAM model. Thanks for this content,2025-05-15T01:03:30Z
2025-05-14T21:17:44Z,@nealpatel9048,bFFAL9lI2IQ,"AE512_NP The many steps involved in developing the dynamic model seemed overwhelming, but you laid them out clearly and made them easy to follow.",2025-05-14T21:17:44Z
2025-05-14T04:14:57Z,@TheJusticeCluster,bFFAL9lI2IQ,"AE512_AT: @1:03:33 the 2,2 element of your dCM/dx matrix is missing a exponent of 2 on the cbar term. It is correct in the lecture notes.",2025-05-14T04:14:57Z
2025-05-14T16:09:51Z,@ChristopherLum,bFFAL9lI2IQ,Thanks for catching this,2025-05-14T16:09:51Z
2025-05-14T01:46:57Z,@LilanieAlfredaAbdur-Rahman,bFFAL9lI2IQ,AE512 : Wish  us luck,2025-05-14T01:46:57Z
2025-05-14T00:58:04Z,@TheJusticeCluster,bFFAL9lI2IQ,AE512_AT: lots of variables to consider!,2025-05-14T00:58:04Z
2025-05-11T23:57:24Z,@BrianaStaheli-gf7jg,bFFAL9lI2IQ,"AE512_BS: this is so exciting! Even without the assumptions and simplifications, the way everything is broken down makes everything very understandable. It‚Äôs a fantastic summary of just about everything we‚Äôve learned thus far as well. One question, in step 7 the ‚Äòq‚Äô for the aerodynamic moment about the AC is meant as dynamic pressure right?",2025-05-11T23:57:24Z
2025-05-14T16:11:45Z,@ChristopherLum,bFFAL9lI2IQ,"Do you have a specific timestamp?  If this is the term to renormalize coefficients to actual forces then yes, it is the dynamic pressure.  However it is grouped near terms like p and r then this is likely the pitch rate.",2025-05-14T16:11:45Z
2025-05-15T22:22:37Z,@BrianaStaheli-gf7jg,bFFAL9lI2IQ,1:17:53 thanks professor! Dynamic pressure fits the bill here,2025-05-15T22:22:37Z
2025-05-09T20:18:22Z,@tymechling4,bFFAL9lI2IQ,"AE_512_TM On step 5 the dCMdx [2,2] entry is missing a ^2 on the cbar I believe.",2025-05-09T20:18:22Z
2025-05-09T05:17:45Z,@TuanTran-fs8ll,bFFAL9lI2IQ,AE512_TT: 1:28:23 Why the y component of mu_i_b is Y_apti - Y_cg instead of Y_cg-Y_apti?,2025-05-09T05:17:45Z
2025-05-14T16:12:31Z,@ChristopherLum,bFFAL9lI2IQ,This is just the sign convention they chose to use,2025-05-14T16:12:31Z
2025-05-08T00:28:34Z,@Gaderian-2187,bFFAL9lI2IQ,"AE512_MC: Very interesting video! Is alpha_L=0 = -11.5 or 11.5, you define it both ways.",2025-05-08T00:28:34Z
2025-05-08T14:37:06Z,@ChristopherLum,bFFAL9lI2IQ,Thanks for pointing that out.  The notes should be correct so please go with those values,2025-05-08T14:37:06Z
2025-05-07T03:40:23Z,@meganmcmahon4456,bFFAL9lI2IQ,AE512_MM: It is fascinating to see what simplifications are and are not made in the RCAM model. Looking forward to implementing this in Matlab.,2025-05-07T03:40:23Z
2025-03-09T03:22:08Z,@celiaperez8,bFFAL9lI2IQ,AA516: Thanks for guiding us through the thought process of developing an RCAM model‚Äîvery useful video.,2025-03-09T03:22:08Z
2025-02-22T01:55:54Z,@IliyanStoyanov-x9q,bFFAL9lI2IQ,[AA516] Very interesting to see everything come together finally,2025-02-22T01:55:54Z
2025-02-21T06:43:59Z,@jskzhou,bFFAL9lI2IQ,AA516 thanks for not sparing any effort in breaking down the model!,2025-02-21T06:43:59Z
2025-02-19T03:19:35Z,@jaspergeldenbott4158,bFFAL9lI2IQ,AA516,2025-02-19T03:19:35Z
2025-02-18T22:01:43Z,@deanangelo03,bFFAL9lI2IQ,"it makes sense that you cannot turn the engines off to 0, since at idle, there is some thrust right?",2025-02-18T22:01:43Z
2025-02-18T22:13:46Z,@ChristopherLum,bFFAL9lI2IQ,"This is a modeling choice, you can leave at zero if you like",2025-02-18T22:13:46Z
2025-02-18T19:52:10Z,@deanangelo03,bFFAL9lI2IQ,"AA516, thanks for the lecture",2025-02-18T19:52:10Z
2025-02-18T06:11:22Z,@arloshen8123,bFFAL9lI2IQ,"AA516: Really interesting that the Beta term is introduced into the drag coefficient calculation in the wind frame because the Beta term is inherent in the C_w/s matrix as the key factor of rotation. It just ""hides"" itself in the stability frame because that rotation has already been accounted for.",2025-02-18T06:11:22Z
2025-02-18T01:09:16Z,@VanessaFrancoLopez,bFFAL9lI2IQ,AA516: I liked how the process was broken down into very clear steps,2025-02-18T01:09:16Z
2025-02-16T23:00:15Z,@JasperWaiLamMatthe,bFFAL9lI2IQ,AA516,2025-02-16T23:00:15Z
2025-02-16T21:13:23Z,@LuisaTa01,bFFAL9lI2IQ,AA516: Thank you very much! Looking forward to the implementation part,2025-02-16T21:13:23Z
2024-11-15T08:35:42Z,@diwu9395,bFFAL9lI2IQ,"Prof. Lum, I have a question! At 1:19:51, is  the cross product correct? I thought when calculating moment, the distance r comes first, r x F. And, the cg terms and ac terms in the cross product, which should come first?",2024-11-15T08:35:42Z
2024-08-18T00:10:38Z,@azharcassim2795,bFFAL9lI2IQ,"Hi. Thank you for making this detailed lecture series. I have a question. When rolling through 180 deg, the roll plot typically does ""weird"" stuff. What I observe is that say it is a positive roll, around 180 degree it suddenly drops to the negative side and continues increasing. Why do we observe this behavior. It also makes the pitch result very unbelievable. How does one interpret the data?",2024-08-18T00:10:38Z
2024-06-07T02:19:40Z,@chayweaver.2995,bFFAL9lI2IQ,AE512: this video in particular was very helpful in understanding where the major simplifications are in the RCAM model.,2024-06-07T02:19:40Z
2024-06-03T23:05:55Z,@bsgove,bFFAL9lI2IQ,AE512: This is really cool. I'm honestly surprised how simple this can be.,2024-06-03T23:05:55Z
2024-05-13T04:40:51Z,@WalkingDeaDJ,bFFAL9lI2IQ,Jason-AE512: Thanks professor. I understand much better by combining code and hand writing equations.,2024-05-13T04:40:51Z
2024-05-13T02:21:30Z,@reesetaylor3506,bFFAL9lI2IQ,AE 512: Very cool to see all the different expressions we've developed in the last few weeks finally used to simulate the aircraft dynamics. Great video!,2024-05-13T02:21:30Z
2024-05-12T02:25:48Z,@davidtelgen8114,bFFAL9lI2IQ,"AE 512: Coming back from the next video, at 1:03:37 I believe there is a typo on the board for dCM/dx, it should have cbar^2 in the denominator of the middle term.",2024-05-12T02:25:48Z
2024-05-08T06:03:13Z,@SayedTorak,bFFAL9lI2IQ,AE 512: great video prof. Lum. Looking forwards to the simulink part of this.,2024-05-08T06:03:13Z
2024-05-08T05:55:50Z,@ToanLuu158,bFFAL9lI2IQ,AE512: It‚Äôs starting to seem fun to begin our simulation from this lecture,2024-05-08T05:55:50Z
2024-05-08T01:55:51Z,@sunnysarkar7643,bFFAL9lI2IQ,AE 512: I thought the moment transfer would be M + (r x F) rather than M + (F x r). Could you explain why you had M + (F x r)?,2024-05-08T01:55:51Z
2024-05-08T02:50:02Z,@ChristopherLum,bFFAL9lI2IQ,"Hi Sunny, your timing is perfect, we were just talking about this at office hours an hour ago.  Once this gets published please check it out and let me know if this makes sense.",2024-05-08T02:50:02Z
2024-05-09T03:02:25Z,@sunnysarkar7643,bFFAL9lI2IQ,"@ChristopherLum  Hi Chris, I am not sure I am seeing the video you are referencing. Where should I be looking for it? I can't see a cloud recording on Canvas and unfortunately, I could not make office hours last night.",2024-05-09T03:02:25Z
2025-06-27T11:09:56Z,@simonlundh196,bFFAL9lI2IQ,"M_A = M_B + r_AB x F = M_B + (r_B - r_A) x F = M_B + F x (r_A - r_B)
so it is correct.",2025-06-27T11:09:56Z
2024-05-07T23:07:12Z,@davidtelgen8114,bFFAL9lI2IQ,"AE 512: I'm curious how the stability/body typos you point out in the 1997 paper would affect implementing the model, my sense is under cruising conditions it won't do much but on takeoff/landing it could cause some real screwy behavior.",2024-05-07T23:07:12Z
2024-05-07T23:10:15Z,@ChristopherLum,bFFAL9lI2IQ,You're probably right.  In many circumstances the stability and body axes are similar but in off nominal cases it could affect the system significantly.,2024-05-07T23:10:15Z
2024-05-07T00:45:14Z,@aimeepak717,bFFAL9lI2IQ,AE512: I'm looking forward to implementing the RCAM model!,2024-05-07T00:45:14Z
2024-05-06T22:47:59Z,@zaneyosif,bFFAL9lI2IQ,"AE512: Great lecture, especially when we combine all the hard work into a state vector (i.e a system we can simulate via simulink). Spoiler for the next video!",2024-05-06T22:47:59Z
2024-05-01T03:31:49Z,@timproby7624,bFFAL9lI2IQ,"[AE 512] 1:23:47
Why is the throttle put in terms of degrees? Shouldn't it be in terms of percentage. I am having trouble visualizing a throttle setting in degrees or radians?",2024-05-01T03:31:49Z
2024-02-18T21:05:20Z,@Kumky605,bFFAL9lI2IQ,AA 516: Will be interesting to see these utilized in the hw,2024-02-18T21:05:20Z
2024-02-18T04:32:28Z,@nithinadidela,bFFAL9lI2IQ,AA516: Very nice functional decomposition.,2024-02-18T04:32:28Z
2024-02-18T03:01:15Z,@AlexandraSurprise,bFFAL9lI2IQ,"AA516: Allie S, Im excited to apply this in Simulink and mess around with it to describe other aircraft",2024-02-18T03:01:15Z
2024-02-14T22:49:45Z,@princekeoki4603,bFFAL9lI2IQ,"AA516: In industry, do engineers typically start with something like this simplified model and add onto it? Or is it too hard to complicate an existing model such that it's better to start complex and end complex?",2024-02-14T22:49:45Z
2024-02-14T20:44:24Z,@yaffetbedru6612,bFFAL9lI2IQ,AA516: Excited to see the Matlab/Simulink implementation,2024-02-14T20:44:24Z
2024-02-14T19:56:06Z,@Colin_Baxter_UW,bFFAL9lI2IQ,AA516: Looking forward to applying this in Simulink!,2024-02-14T19:56:06Z
2024-02-13T21:07:51Z,@petermay6090,bFFAL9lI2IQ,"AA516: Very useful video, good pace",2024-02-13T21:07:51Z
2024-02-13T16:30:08Z,@EomjiKim,bFFAL9lI2IQ,AA516: Thank you for this great video! I'm looking forward to building and implementing the model in simulink.,2024-02-13T16:30:08Z
2023-11-29T14:53:19Z,@MiladMohebbi-z5g,bFFAL9lI2IQ,"Hi,
 Dr. Christopher Lum
I hope you are fine.
I enjoy the tutorials you post on your YouTube channel and I thank you.

I am very interested in studying the field of tilt-rotor drones. But I didn't get a proper understanding of these types of drones through the articles. Can you help me to understand the model of this type of drones? Can you provide me with an instructional video or a resource that explains the modeling of these drones in detail?
thank you.",2023-11-29T14:53:19Z
2023-11-29T22:00:56Z,@ChristopherLum,bFFAL9lI2IQ,"Hi,
Thanks for reaching out.  If you have questions or would like to request a video, I hope you'll consider supporting the channel via Patreon at https://www.patreon.com/christopherwlum or via the 'Thanks' button underneath the video.  I'd love to have you as a Patron as I'm able to talk/interact personally with Patrons.  Thanks for watching!
-Chris",2023-11-29T22:00:56Z
2023-03-14T20:14:40Z,@alexbenson4214,bFFAL9lI2IQ,"AA516 - I really enjoyed these RCAM videos. I had come across them for a couple years and always thought they looked cool. They are a large part of the reason I wanted to take this class. I added a basic 2D autopilot to mine, but want to use PID controllers to make a fly-by-wire system.",2023-03-14T20:14:40Z
2023-02-21T03:53:41Z,@ojasvikamboj6083,bFFAL9lI2IQ,A A 516: realized I forgot to leave comments!,2023-02-21T03:53:41Z
2023-02-21T04:29:23Z,@ChristopherLum,bFFAL9lI2IQ,"Don't worry, I've seen all your notifications and know that you're watching the videos.  10/10 for participation so far!",2023-02-21T04:29:23Z
2023-02-09T03:49:11Z,@milesbridges3547,bFFAL9lI2IQ,"AA 516: Really cool to see all the content from previous lecture come together in the RCAM model! Regarding the equation we derived for the AoA of the tail, I did not quite understand the reasoning behind why one of the terms was proportional to the pitch rate and horizontal distance to the tail. This discussion was at the 41:30 mark.",2023-02-09T03:49:11Z
2023-02-09T04:17:57Z,@ChristopherLum,bFFAL9lI2IQ,"Miles, good question.  This is simply how they chose to model the dynamic pitch dampening effect of the tail.  This is attempting to add behavior which makes it difficult to pitch the vehicle at a high rate.  When q is large this creates a large AoA of the tail which in turn actually creates a negative pitching moment which counteracts the pitch rate.  You could get a similar effect by adding this to the moment equation but for whatever reason, they chose to model it here.  Let me know if you want to chat more about this at office hours.",2023-02-09T04:17:57Z
2022-08-17T08:41:47Z,@xxroco0418xx,bFFAL9lI2IQ,"Thanks a Lot , i am really new in modelling complex system and this video can give me a hint",2022-08-17T08:41:47Z
2022-07-19T10:39:00Z,@flashstorm6608,bFFAL9lI2IQ,Dear Lum and audiences: I cannot get access to the 1997 ver. document but only 1995 ver. on the website. Is there anyone can post a 1997ver. link or send me the relevant document. Lots of thanks @Christopher Lum,2022-07-19T10:39:00Z
2022-06-04T05:44:41Z,@charlesharmon9065,bFFAL9lI2IQ,Great comprehensive overview of what became a critical part of the last 1/3 of the class.,2022-06-04T05:44:41Z
2022-05-05T06:17:53Z,@karlbalitaan,bFFAL9lI2IQ,AE512: Thanks Chris for explaining the dynamics model of the RCAM aircraft. If only the aircraft we work on were this simple,2022-05-05T06:17:53Z
2022-05-05T06:47:33Z,@ChristopherLum,bFFAL9lI2IQ,"Haha, I know, it would be great if we could simple models like this üòÄ.  That being said, it is interesting to see what type of behavior is actually captured in this somewhat simplified model.  We should talk on the other side about it, there are some things you might find interesting...",2022-05-05T06:47:33Z
2022-05-04T23:28:42Z,@sethwhittington28,bFFAL9lI2IQ,AE512: Thanks for breaking down the dynamics equations for the RCAM model! This should help as we look at the aircraft response to inputs in Simulink.,2022-05-04T23:28:42Z
2022-05-05T03:29:19Z,@ChristopherLum,bFFAL9lI2IQ,Glad it was helpful!,2022-05-05T03:29:19Z
2022-04-16T03:58:44Z,@abdbot2509,bFFAL9lI2IQ,"I am so grateful to watch such educative videos, many thanks, i have a question, we talk always about derivative of stability, if we take pitch moment as an example, it depends on Va, alpha, alpha dot, q and elevator deflection, however during your presentation Alpha dot effecte is not considered, is there any raison ? Or just it is a simplified pitch moment computation?

Thanks a lot",2022-04-16T03:58:44Z
2022-04-16T04:07:48Z,@ChristopherLum,bFFAL9lI2IQ,"Hi,
Thanks for reaching out, I'm glad you enjoyed the video.  Unfortunately I'm unable to respond to questions on YouTube due to the sheer volume of inquiries that I receive.  That being said, I hope you'll consider supporting the channel via Patreon at https://www.patreon.com/christopherwlum as I'll be able to answer questions there.  Given your interest in the topic, I'd love to have you as a Patron as I'm able to talk/interact personally with Patrons.  Thanks for watching!
-Chris",2022-04-16T04:07:48Z
2022-04-13T12:13:15Z,@prabhjeetsingharora,bFFAL9lI2IQ,"As usual with this channel, wonderful explanation once again. It is indeed amazing that the complex 6 DOF model is explained in such an easy to understand language. Thank you Dr. Lum for creating such content. I have a small query here at approx 01:22:27. The moments automatically are represented in body frame. However, what if 6 DOF simulation model is prepared in wind-frame? Does moments need to be transferred from body to wind frame? Once again, thank you for creating the Flight mechanics channel.",2022-04-13T12:13:15Z
2022-04-13T14:56:37Z,@ChristopherLum,bFFAL9lI2IQ,"Hi,
Thanks for reaching out, I'm glad you enjoyed the video.  Unfortunately I'm unable to respond to questions on YouTube due to the sheer volume of inquiries that I receive.  That being said, I hope you'll consider supporting the channel via Patreon at https://www.patreon.com/christopherwlum as I'll be able to answer questions there.  Given your interest in the topic, I'd love to have you as a Patron as I'm able to talk/interact personally with Patrons.  Thanks for watching!
-Chris",2022-04-13T14:56:37Z
2022-04-14T06:57:52Z,@prabhjeetsingharora,bFFAL9lI2IQ,"@ChristopherLum Thank you for your response, Dr. Lum. I will surely become your patron when I become a professor in the Aerospace department in a couple of years.",2022-04-14T06:57:52Z
2022-02-16T18:15:18Z,@dragong76,bFFAL9lI2IQ,AA516: I might have missed it and I can check the RCAM doc later. Was it specified which engine # corresponds to which side?,2022-02-16T18:15:18Z
2022-02-16T18:27:42Z,@ChristopherLum,bFFAL9lI2IQ,"If you have your model working, you can simply test it.  Apply asymmetric throttle settings and see which way the aircraft yaws.",2022-02-16T18:27:42Z
2022-02-11T14:48:05Z,@marlenagruba8846,bFFAL9lI2IQ,"I think there is a typo in dCMdx matrix, in the element 22, cbar should be squared (1:05:04). Great video, thank you!",2022-02-11T14:48:05Z
2021-11-20T06:16:53Z,@gautammendon4246,bFFAL9lI2IQ,"Hello sir, thanks alot for this video, it is really helpful. I need to develop a working model of a B747 on matlab, so can I follow these steps to accomplish the task ? Also, how can I find the saturation control limits of the aircraft ? 
Thank you",2021-11-20T06:16:53Z
2021-09-17T17:35:19Z,@senthilvel25,bFFAL9lI2IQ,"Great work. Very useful lectures. I've a doubt how to find alpha coefficients a0, a1, a2 and a3? Thanks",2021-09-17T17:35:19Z
2021-09-17T18:13:43Z,@ChristopherLum,bFFAL9lI2IQ,"Thanks for reaching out.  If you have questions or would like to request a video, I hope you'll consider supporting the channel via Patreon at https://www.patreon.com/christopherwlum.  I'd love to have you as a Patron as I'm able to talk/interact personally with Patrons.  Thanks for watching!",2021-09-17T18:13:43Z
2021-06-12T07:32:55Z,@vishalverma5853,bFFAL9lI2IQ,Really good video. Thanks Christopher,2021-06-12T07:32:55Z
2021-05-26T16:03:30Z,@tanaykumar3493,bFFAL9lI2IQ,"May I know where can I get the RCAM report (preferably the latest one) you are referencing throughout the lecture?
Thank You",2021-05-26T16:03:30Z
2021-05-05T16:26:45Z,@nikitvhatkar1214,bFFAL9lI2IQ,For trim condition i want to run my program how can i do it,2021-05-05T16:26:45Z
2021-04-01T16:19:37Z,@halilhanc5176,bFFAL9lI2IQ,Hello dear teacher I am following your lessons  Could you upload  the video lesson 'the flat earth equations of motion for a Rigid body 'you  mentioned at the beginning? Healthy Days...,2021-05-11T18:21:41Z
2021-03-13T06:44:21Z,@fixumamine632,bFFAL9lI2IQ,"first i would like to present my gratitude for ur very helpfull lectures i have ever seen. next i would like u to give me the link for 2 videos;
1. ""The Flat Earth Equations of Motion for a Rigid Body""
2. ""Equations of motion for a planar vehicle""",2021-03-13T06:44:21Z
2021-03-02T21:00:39Z,@GermanWarrior69,bFFAL9lI2IQ,Thanks a lot!,2021-03-02T21:00:39Z
2021-02-15T06:50:28Z,@icevarnaguleswaran7138,bFFAL9lI2IQ,"AA516 - Hello Professor Lum, I noticed in the following video where we build the RCAM model in MATLAB, you have a squared term for the cbar variable in the dCMdx formula at 1:07:44 . In this video however, you don't have the squared term. Is this a typo?",2021-02-15T06:50:28Z
2021-02-15T07:18:16Z,@ChristopherLum,bFFAL9lI2IQ,"When in double, go with the notes, it is likely I missed something when writing it on the board.  Did you check against the RCAM document?  Can you tell me which one appears to have the error?",2021-02-15T07:18:16Z
2021-02-15T17:04:19Z,@icevarnaguleswaran7138,bFFAL9lI2IQ,"@ChristopherLum Yes, the RCAM document shows the cbar variable squared on page 17, so the error would be in this video not having the squared cbar for dCMdx. Thanks for the response!",2021-02-15T17:04:19Z
2021-02-15T17:10:32Z,@ChristopherLum,bFFAL9lI2IQ,"@icevarnaguleswaran7138 Great, thanks for cross checking.  I'm glad we got this worked out.",2021-02-15T17:10:32Z
2021-02-10T07:20:32Z,@alexandrpetrov1110,bFFAL9lI2IQ,Thank you!,2021-02-10T07:20:32Z
2021-02-10T04:36:53Z,@boeing797screamliner,bFFAL9lI2IQ,AA516: This is really exciting - I can't wait to get into building the flight simulator!,2021-02-10T04:36:53Z
2021-02-10T04:45:05Z,@ChristopherLum,bFFAL9lI2IQ,"I know, it is great to finally capitalize on all the previous background knowledge to actually build something.  I'm excited to see what you do for your final project!",2021-02-10T04:45:05Z
2021-02-07T00:42:08Z,@sherifmostafa4922,bFFAL9lI2IQ,"Thank you very much, I'm looking for 1997 document version and I can't find it; could you please send me the link for it?",2021-02-07T00:42:08Z
2022-07-19T10:41:21Z,@flashstorm6608,bFFAL9lI2IQ,Have you got it? I need it too!,2022-07-19T10:41:21Z
2021-02-03T14:51:27Z,@dimitris.159,bFFAL9lI2IQ,"Hi Christopher, thanks a lot for that very detailed and understandable explanation of the model! But at one point I got a little confused about the values used. At 25:25 alpha_L0 is defined as negative 11.5*pi/180 but later at 38:45 you used positive 11.5*pi/180 as alpha_L0 which actually matches the value which I found in the RCAM publication. I am thankful for any further explanation!",2021-02-03T14:51:27Z
2021-02-03T15:47:26Z,@ChristopherLum,bFFAL9lI2IQ,"Hi Markus, thanks for catching that.  I believe the correct value is -11.5*pi/180 so I made a mistake/typo at 38:45.  I believe the RCAM document lists -11.5*pi/180 as the proper value.  Out of curiosity, where did you find the RCAM publication?  Can you send me the URL or link to the location of where you obtained the document.",2021-02-03T15:47:26Z
2021-02-03T20:37:14Z,@dimitris.159,bFFAL9lI2IQ,"@ChristopherLum Alright, the negative value is much more sensible though. Here (https://garteur.org/wp-content/reports/FM/FM_AG-08_TP-088-3.pdf) I found a report on the RCAM model on the Garteur website where it says alpha_L0 is the positive value, but what confuses me is that the publication is from 1995 instead of 1997 but it has exactly the same title and the rest also seems pretty much the same.",2021-02-03T20:38:03Z
2021-02-03T21:48:01Z,@ChristopherLum,bFFAL9lI2IQ,"@dimitris.159 Markus, thanks for the link.  It looks like the 1995 version has the typo/mistake that we are discussing.  It was fixed in the 1997 version.",2021-02-03T21:48:01Z
2021-01-29T15:01:30Z,@jyh-shinchen7920,bFFAL9lI2IQ,"Should the mu in the engine moment equation about the CG be (r_APTi - r_CG) instead of (r_CG - r_APTi) (at 1:30:00, not sure why the y element in mu is different either)? The value for ZAPTi probably should be positive instead of negative. The combination of these two errors save the day and generates acceptable final results.",2021-01-30T16:32:14Z
2021-01-28T21:31:55Z,@SomeTechGuy666,bFFAL9lI2IQ,"I have a challenge for you.  

This model assumed that the airplane was flying in still air.  Air is rarely still, it has updrafts, downdrafts and wind.   I'd love to see how you add wind to the 6 DOF model.  I have some ideas of my own, but I'd like to see how you would do it. 

Thanks !",2021-01-28T21:31:55Z
2021-01-19T08:52:11Z,@maharashad5514,bFFAL9lI2IQ,"Such a fascinating lecture ! I can not find the 1997 document , I only have the 1995 which is a bit different , can you please post it ?",2021-01-19T08:52:11Z
2022-02-01T15:17:44Z,@khushinlakhara517,bFFAL9lI2IQ,did you get this document,2022-02-01T15:17:44Z
2022-07-19T10:41:35Z,@flashstorm6608,bFFAL9lI2IQ,Have you got it? I need it too!,2022-07-19T10:41:35Z
2021-01-06T22:32:15Z,@miguelgarciadominguez7190,bFFAL9lI2IQ,Your video came to me like rohirrims arriving at pelennor fields,2021-01-06T22:32:15Z
2020-11-28T03:29:21Z,@ephraim9976,bFFAL9lI2IQ,"1:05:32 Isn't Pitching Moment about aerodynamic center independent of alpha? Or is that in a different frame?    

^The Aerodynamic center is the point at which the pitching moment coefficient for the airfoil does not vary with lift coefficient (i.e. angle of attack) https://en.wikipedia.org/wiki/Aerodynamic_center. 
Which frame is the wiki article referring to?",2020-11-28T03:29:58Z
2020-11-13T17:43:51Z,@yeehanlim1749,bFFAL9lI2IQ,"May I know where is the link to the ""The Flat Earth Equations of Motion for a Rigid Body"" video as mentioned in 0:11? I have been searching all the videos on your channel but still can't find it.",2020-11-13T17:43:51Z
2021-03-13T06:58:16Z,@fixumamine632,bFFAL9lI2IQ,the same question asked again and again but still no answer from chriss. help me with the link incase u found it please,2021-03-13T06:58:16Z
2020-11-12T14:07:13Z,@mengshanxie5684,bFFAL9lI2IQ,Great video!!But I can‚Äôt find the wind tunnel video. Can you re-upload the missing videos please?? Thank you very much :),2020-11-12T14:07:13Z
2020-11-09T21:10:46Z,@noahr4752,bFFAL9lI2IQ,"Is it possible to do this for any aircraft? I‚Äôm looking to do a dynamic model for the Cirrus SR22 but without documentation as easily available (from what I‚Äôve seen) such as that you referenced from the Aeronautical Research, is it feasible?",2020-11-09T21:11:12Z
2020-09-25T09:30:34Z,@sportsfan726,bFFAL9lI2IQ,"As a Mechanical Engineer trying to implement Active Stability control, this is amazing!",2020-09-25T09:30:34Z
2020-09-25T14:02:14Z,@ChristopherLum,bFFAL9lI2IQ,I'm glad it was helpful.  There are several related videos on the channel.   Please feel free to check them out and I would love to hear what you think in the comments.   Thanks for watching!,2020-09-25T14:02:14Z
2020-09-22T09:44:05Z,@edwardjung1727,bFFAL9lI2IQ,Great video!! Can you re-upload the missing videos please?? Thank you very much :),2020-09-22T09:44:22Z
2020-09-14T02:19:38Z,@PoHuang-g1b,bFFAL9lI2IQ,"Hi, I would like to watch wind testing and flat earth equation  video, but I can find it in your play list.",2020-09-14T02:37:22Z
2020-08-14T02:43:37Z,@GabrielDemetriusSilva,bFFAL9lI2IQ,"EDIT: NVM, I saw that the table 2.4 is NOT at the body frame.

Original:

At around 1:30:37 you said that the moment due to the engine is 
cross (mu , Fe)

You defined mu as being 
mu= [Xcg - XAPT;
         YAPT - Ycg;
         Zcg - ZAPT]
Why is only the Y component ""backwards""?

I thought the moment should be something like
rCG=[Xcg ; Ycg ; Zcg]:
reng=[Xeng ; Yeng ; Zeng];

r = reng - rCG

M = cross (r , Fe)

just like at 1:20:08",2020-08-14T03:56:06Z
2020-08-23T17:31:29Z,@ChristopherLum,bFFAL9lI2IQ,Sounds like it got sorted out.   Thanks for watching!,2020-08-23T17:31:29Z
2020-08-13T01:38:01Z,@GabrielDemetriusSilva,bFFAL9lI2IQ,You are an angel!,2020-08-13T01:38:01Z
2020-08-23T17:31:39Z,@ChristopherLum,bFFAL9lI2IQ,I'm glad it was helpful.  There are several related videos on the channel.   Please feel free to check them out and I would love to hear what you think in the comments.   Thanks for watching!,2020-08-23T17:31:39Z
2020-08-05T11:08:38Z,@bhaveshjoshi33,bFFAL9lI2IQ,sir where is the video of flat earth equations of motion?,2020-08-05T11:08:38Z
2020-08-05T11:18:07Z,@bhaveshjoshi33,bFFAL9lI2IQ,I think you never uploaded that video.,2020-08-05T11:18:07Z
2021-03-13T06:51:10Z,@fixumamine632,bFFAL9lI2IQ,@bhaveshjoshi33 pls let me know if u have any idea where i can find this video. thanx,2021-03-13T06:51:10Z
2021-03-13T06:52:43Z,@fixumamine632,bFFAL9lI2IQ,me neither can't find it...let me know the link incase u found it please.,2021-03-13T06:52:43Z
2021-03-13T07:28:13Z,@bhaveshjoshi33,bFFAL9lI2IQ,I didn't find it,2021-03-13T07:28:13Z
2020-07-31T14:52:59Z,@abhijeetdhillon9591,bFFAL9lI2IQ,can we attach bldc motors with this and check how the battery drains with how we fly in the simulink model?,2020-07-31T14:52:59Z
2020-07-24T18:43:43Z,@tanguydetroz1668,bFFAL9lI2IQ,"Thank you, I graduated 25 years ago, you make me feel so much younger! is there any possibility to get the slx file directly?",2020-07-24T18:43:43Z
2020-07-03T08:40:44Z,@manimax3,bFFAL9lI2IQ,thanks for helping me get better at Kerbal Space Program,2020-07-03T08:40:44Z
2020-06-28T03:40:58Z,@santoshshanbhogue,bFFAL9lI2IQ,"Hey - lovely videos! thanks for these. A question - at 1:36:31, you reference flat earth equations. which video would that be? thanks again!",2020-06-28T03:40:58Z
2020-06-26T19:27:49Z,@m.mudasserlatifminhas6690,bFFAL9lI2IQ,"4 years of aeronautical engineering and nobody taught me how to do that...while you just did it in less than two hours. Thanks, professor!",2020-06-26T19:27:49Z
2024-10-03T17:07:29Z,@militaryaeronautix812,bFFAL9lI2IQ,Your aero degree made you watch this kid.,2024-10-03T17:07:29Z
2020-06-10T11:22:36Z,@hetjoshi2892,bFFAL9lI2IQ,Sir your video is amazing. But sir I want to know where are wind tunnel testing and data reduction video lecture?,2020-06-10T11:22:36Z
2020-06-10T13:58:12Z,@aryanmishra5591,bFFAL9lI2IQ,Exactly I am also looking for the same.,2020-06-10T13:58:12Z
2020-06-08T09:26:25Z,@601106790,bFFAL9lI2IQ,Many thanksÔºÅÔºÅÔºÅ KEEP GOING!!,2020-06-08T09:26:25Z
2020-06-04T09:20:33Z,@zongyuanyan1563,bFFAL9lI2IQ,"Hi, professor.I can't find the report in the internet.Can you tell me where to download it? Thank you very much!",2020-06-04T09:20:33Z
2020-05-28T09:03:30Z,@zhc3404,bFFAL9lI2IQ,amazing ÔºÅ,2020-05-28T09:03:30Z
2020-06-02T17:39:32Z,@ChristopherLum,bFFAL9lI2IQ,I'm glad it was helpful.  There are other similar videos on the channel.  Please feel free to check them out and let me know what you think.  Thanks for watching!,2020-06-02T17:39:32Z
2020-05-26T10:25:22Z,@olivergriffiths1996,bFFAL9lI2IQ,I can‚Äôt find the wind tunnel video :(,2020-05-26T10:25:22Z
2020-08-18T16:38:39Z,@hassanabdulreda3634,bFFAL9lI2IQ,Me neither :( did you find it in the end?,2020-08-18T16:38:39Z
2020-05-24T21:12:56Z,@victortaramuelobando295,bFFAL9lI2IQ,"Hi Christopher, thanks for your wonderful videos. I have been looking for the document (GARTEUR TP-0883) On the web page, but I cant found it. please if you have a link where I can found it, let me know 
greetings from Ecuador",2020-05-24T21:12:56Z
2020-06-10T13:56:44Z,@aryanmishra5591,bFFAL9lI2IQ,"https://garteur.org/wp-content/reports/FM/FM_AG-08_TP-088-3.pdf
Here you go.",2020-06-10T13:56:44Z
2020-05-21T14:28:21Z,@missohou6869,bFFAL9lI2IQ,"so,great teacher,so great tutorial!",2020-05-21T14:28:21Z
2020-05-21T21:55:40Z,@ChristopherLum,bFFAL9lI2IQ,"I'm glad it was helpful.  There are similar videos at https://www.youtube.com/playlist?list=PLxdnSsBqCrrEx3A6W94sQGClk6Q4YCg-h.  Please feel free to check them out and let me know what you think, thanks for watching!",2020-05-21T21:55:40Z
2020-05-08T06:06:32Z,@justinhendrick3743,bFFAL9lI2IQ,"I think I noticed a ""typo"" at 1:15:02. You used q (pitch rate), but I think you meant to use Q (aerodynamic pressure)",2020-05-08T06:06:32Z
2020-05-16T16:47:03Z,@ChristopherLum,bFFAL9lI2IQ,"Justin, yes, great catch!  This indeed is supposed to be dynamic pressure.",2020-05-16T16:47:03Z
2020-05-04T04:30:26Z,@pnwTaco,bFFAL9lI2IQ,"Great Video, great one stop refresher for us in industry",2020-05-04T04:30:26Z
2020-05-05T15:28:08Z,@ChristopherLum,bFFAL9lI2IQ,"Hi Thomas, I'm glad it was helpful.  There are other similar videos on the channel, please feel free to check them out and let me know what you think in the comments.  Thanks for watching and I hope to catch you at another video.",2020-05-05T15:28:08Z
2020-05-02T00:13:09Z,@wiloberlies9598,bFFAL9lI2IQ,"Such great work, as always....thank you.",2020-05-02T00:13:09Z
2020-04-27T04:04:07Z,@mostafaahmadi4998,bFFAL9lI2IQ,Perfect. Thank you for the video. You deserve at least a million subscribers. And finally the Matlab simulation is coming :),2020-04-27T04:04:07Z
2020-04-27T04:50:06Z,@ChristopherLum,bFFAL9lI2IQ,"Yes, the Matlab sim video is coming this week.  If you are subscribed hopefully you'll be notified when it goes live.",2020-04-27T04:50:06Z
2020-04-26T21:22:43Z,@SPD15,bFFAL9lI2IQ,you are a superstar,2020-04-26T21:22:43Z
2020-04-27T04:51:00Z,@ChristopherLum,bFFAL9lI2IQ,"I'm glad it was helpful, thanks for watching!",2020-04-27T04:51:00Z
2020-04-26T18:34:34Z,@erik6690,bFFAL9lI2IQ,Thank you so much! Also is the alpha_L=0 really -11.5 deg? The absolute value of that seems larger than I'd expect.,2020-04-26T18:34:34Z
2020-04-27T04:52:11Z,@ChristopherLum,bFFAL9lI2IQ,"Erik, yes, that is how this model is setup.  It does seem a bit low but keep in mind that how the AoA is defined varies from aircraft to aircraft so perhaps the RCAM model just uses a different reference line to measure AoA.",2020-04-27T04:52:11Z
2020-04-26T15:05:30Z,@zaspanyflegmatyk2446,bFFAL9lI2IQ,"Hi Professor. In your video ""Introduction to Bode Plots""
https://www.youtube.com/watch?v=KX7GNqy3k7w&t=947s
You said to watch your previous video titled: ""Frequency Domain Analysis: Introduction and Theory""
But I as well as a few other people in the comment section cannot find that video. Could you please help me?",2020-04-26T15:05:30Z
2020-04-26T17:14:41Z,@ChristopherLum,bFFAL9lI2IQ,"Hi Zaspany, great to hear from you again.  That video is on my list of videos to finish and upload.  I hope to have it up soon.  Thanks for watching",2020-04-26T17:14:41Z
2020-04-26T17:19:01Z,@zaspanyflegmatyk2446,bFFAL9lI2IQ,"@ChristopherLum Okay, thank you <3 I love your videos, they are really really helpful! Please keep it up for all of us!",2020-04-26T17:19:01Z
2020-04-26T14:38:34Z,@mousaalsaeed9410,bFFAL9lI2IQ,That's what I was waiting for,2020-04-26T14:38:34Z
2020-04-26T17:16:25Z,@ChristopherLum,bFFAL9lI2IQ,I'm glad it was helpful. There are other similar videos on the channel please feel free to check them out and let me know what you think in the comments. Thanks for watching!,2020-04-26T17:16:25Z
2020-04-26T14:32:05Z,@ChristopherLum,bFFAL9lI2IQ,"In case it is helpful, here are all the Flight Mechanics videos in a single playlist https://www.youtube.com/playlist?list=PLxdnSsBqCrrEx3A6W94sQGClk6Q4YCg-h.  You can support this channel via Patreon at https://www.patreon.com/christopherwlum.  Please let me know what you think in the comments.  Thanks for watching!",2021-11-22T16:09:29Z
2020-09-18T20:21:04Z,@faitevebooks6919,bFFAL9lI2IQ,"Thank you Prof. Lum. It is nice to have your videos of talking about the flight mechanics. For the nonlinear 6 DOF dynamic model, I expected something about the term  œâ ‚Éó√óH ‚Éó, where H ‚Éó=(I_x p,I_y q,I_z r) which will cause nonlinear pitch instability as shown in my video: https://www.youtube.com/watch?v=gG2-mu6I11A. I believe this nonlnear pitch instability is the root cause for two recent 737 Max crashes. You can also found my presentation about this claim at  Slide 13 in http://www.aiaahouston.org/Horizons/ATS2019-Presentation-SS-Tang.pdf. I appreciate your thought about this phenomenon. Steve Tang",2020-09-18T20:21:04Z
2025-10-17T21:14:44Z,@mohomoha-j2o,bFFAL9lI2IQ,Mass does change if  te airplane pilot decides to throw out some turbulent passengers out !!!!!!!!!!!,2025-10-17T21:14:44Z
